Workbook
Name _3_Port_Valve: #REF!
Name _3_Port_Valve: #REF!
Name _4_Port_Valve: #REF!
Name _4_Port_Valve: #REF!
Name _MAS1: #REF!
Name _MAS1: #REF!
Name _MAS2: #REF!
Name EqList: #REF!
Name Foglio_di_calcolo: #REF!
Name Foglio_di_calcolo: #REF!
Name Foglio_di_calcolo: #REF!
Name Foglio_di_calcolo: #REF!
Name Foglio_di_calcolo: #REF!
Name Foglio_specifica: #REF!
Name Foglio_specifica: #REF!
Name Foglio_specifica: #REF!
Name Foglio_specifica: #REF!
Name Foglio_specifica: #REF!
Name KV_VALUE: #REF!
Name Picture: #REF!
Name Print_Area: 'COVER FCH'!$A$1:$J$48
Name Print_Area: 'COVER RHD'!$A$1:$J$48
Name Print_Area_MI: #REF!
Name w: #REF!
Name w: #REF!
Name w: #REF!
Name w: #REF!
Name w: #REF!

Sheet COVER RHD
A24: Committente | F24: Titolo Progetto
A25: AENOVA SRL Stabilimento di Borgo San Michele (LT) | F25: SITE DEVELOPMENT ADVANCED BASIC DESIGN
A29: Titolo Documento | F29: Codice Commessa
A30: HVAC DESIGN CRITERIA COLD CHAIN | F30: P5323
F32: Codice Documento
F33: P5323RHD002A
A35: Tabella Revisioni
A36: Revisione | B36: Descrizione: | C36: Emesso per RdO | J36: N° pagine:
A37: A | B37: Stesura: | C37: Ingegno | F37: Data: | G37: 45590 | H37: Firma: | I37: ING | J37: 3
B38: Controllo: | C38: Ingegno | F38: Data: | G38: 45590 | H38: Firma: | I38: ING
B39: Approvazione: | C39: L. Galligani | F39: Data: | G39: 45590 | H39: Firma: | I39: LGA
A40: Revisione | B40: Descrizione: | J40: N° pagine:
A41: B | B41: Stesura: | F41: Data: | H41: Firma:
B42: Controllo: | F42: Data: | H42: Firma:
B43: Approvazione: | F43: Data: | H43: Firma:
A48: Questo documento è proprietà della TECHNICONSULT FIRENZE S.r.l. che tutelerà i suoi diritti a termine di legge - This document is the sole property of TECHNICONSULT FIRENZE S.r.l. who will safeguard its rights according to the previsions of law
I85: Diffusore a ugello | J85: Canale | K85: Griglia di ripresa | L85: Canale
I86: Diffusore a ugello | J86: Canale | K86: Griglia di ripresa | L86: Canale

Sheet Design Criteria
A1: HVAC Design Criteria | AC1: EST | AD1: INV
AC2: =_xlfn.CEILING.MATH('Carichi t. LINK(NO PLOT)'!AA4,0.5) -> 4.5 | AD2: =_xlfn.CEILING.MATH('Carichi t. LINK(NO PLOT)'!AC8,0.5) -> 10.5 | AE2: LINK
A3: Sistema | C3: Locale | E3: Classe locale | G3: Livello Biologico | H3: Ricambi aria (Vol / amb / h) | J3: Area | K3: Altezza | L3: Volume | M3: Condizioni Interne Estate | Q3: Condizioni Interne Inverno | U3: Carichi interni | AC3: =_xlfn.CEILING.MATH('Carichi t. LBW(NO PLOT)'!AA5,0.5) -> 3 | AD3: =_xlfn.CEILING.MATH('Carichi t. LBW(NO PLOT)'!AC16,0.5) -> 6.5 | AE3: LBW MOVIM
U4: Illumin. | V4: Apparec. | W4: Persone | Z4: Rientrate di calore Estate | AA4: Totale Sensibile Estate | AB4: Dispersioni di calore Inverno | AC4: =_xlfn.CEILING.MATH('Carichi t. LBW(NO PLOT)'!AA4,0.5) -> 1 | AD4: =_xlfn.CEILING.MATH('Carichi t. LBW(NO PLOT)'!AC15,0.5) -> 6 | AE4: LBW CORR P0
M5: T | N5: tol. | O5: U.R. | P5: tol. | Q5: T | R5: tol. | S5: U.R. | T5: tol. | W5: n° | X5: Sensibile | Y5: Latente
J6: m2 | K6: m | L6: m3 | M6: °C | O6: % | Q6: °C | S6: % | U6: W/m2 | X6: W/p | Y6: W/p
A7: Codice | B7: Area servita | C7: Codice | D7: Descrizione | E7: Cliente | F7: GMP | H7: Standard | I7: Applicato | U7: 20 | V7: W | X7: 100 | Y7: 75 | Z7: W | AA7: W | AB7: W | AC7: =_xlfn.CEILING.MATH('Carichi t. LBW(NO PLOT)'!AA6,0.5) -> 11.5 | AD7: =_xlfn.CEILING.MATH('Carichi t. LBW(NO PLOT)'!AC17,0.5) -> 16.5 | AE7: LBW FUMO-A/L
A8: AH-102-01 | B8: LINK CORRIDOR P0 | C8: E001 | D8: MATERIAL RECEIVING LINK CORRIDOR | F8: NC | G8: N.A. | H8: 6 | I8: 6 | J8: 238.5 | K8: 2.7 | L8: =J8*K8 -> 643.95 | M8: 22 | N8: ≤ 25,0 | O8: ≤ 65,0 | P8: NA | Q8: 22 | R8: ≥ 15,0 | S8: ≤ 65,0 | T8: NA | U8: =J8*$U$7 -> 4770 | V8: ='CarichiApparecchiature(NO PLOT)'!J4 -> 1800 | W8: 0 | X8: =W8*$X$7 -> 0 | Y8: =W8*$Y$7 -> 0 | Z8: =L8*$AC$2 -> 2897.775 | AA8: =U8+V8+X8+Z8 -> 9467.775 | AB8: =L8*$AD$2 -> 6761.475 | AC8: =_xlfn.CEILING.MATH('Carichi t. LBW(NO PLOT)'!AA7,0.5) -> 13.5 | AD8: =_xlfn.CEILING.MATH('Carichi t. LBW(NO PLOT)'!AC18,0.5) -> 14 | AE8: LBW CORR P1
AC9: =_xlfn.CEILING.MATH('Carichi t. LBW(NO PLOT)'!AA8,0.5) -> 8.5 | AD9: =_xlfn.CEILING.MATH('Carichi t. LBW(NO PLOT)'!AC19,0.5) -> 12.5 | AE9: LBW WC P1
A10: AH-103-01 | B10: MAGAZZINO BASSO P0 | C10: A001 | D10: ENTRANCE | F10: NC | G10: N.A. | H10: 3 | I10: 3 | J10: 18.51 | K10: 5.2 | L10: =J10*K10 -> 96.252 | M10: 22 | N10: ±2 | O10: ≤ 65,0 | P10: NA | Q10: 22 | R10: ±2 | S10: ≤ 65,0 | T10: NA | U10: =J10*$U$7 -> 370.2 | V10: ='CarichiApparecchiature(NO PLOT)'!J7 -> 0 | W10: 0 | X10: =W10*$X$7 -> 0 | Y10: =W10*$Y$7 -> 0 | Z10: =L10*$AC$4 -> 96.252 | AA10: =U10+V10+X10+Z10 -> 466.452 | AB10: =L10*$AD$4 -> 577.512 | AC10: =_xlfn.CEILING.MATH('Carichi t. LBW(NO PLOT)'!AA11,0.5) -> 4 | AD10: =_xlfn.CEILING.MATH('Carichi t. LBW(NO PLOT)'!AC22,0.5) -> 5.5 | AE10: LBW AREA TEC
A11: AH-103-01 | B11: MAGAZZINO BASSO P0 | C11: A002 | D11: HANDLING AREA | F11: NC | G11: N.A. | H11: 3 | I11: 3 | J11: 366.14 | K11: 5.2 | L11: =J11*K11 -> 1903.928 | M11: 22 | N11: ≤ 25,0 | O11: ≤ 65,0 | P11: NA | Q11: 22 | R11: ≥ 15,0 | S11: ≤ 65,0 | T11: NA | U11: =J11*$U$7 -> 7322.8 | V11: ='CarichiApparecchiature(NO PLOT)'!J8 -> 1462.5 | W11: 10 | X11: =W11*$X$7 -> 1000 | Y11: =W11*$Y$7 -> 750 | Z11: =L11*$AC$3 -> 5711.784 | AA11: =U11+V11+X11+Z11 -> 15497.084 | AB11: =L11*$AD$3 -> 12375.532
A12: AH-103-01 | B12: MAGAZZINO BASSO P1 | C12: A101 | D12: FILTER AGAINST FIRE | F12: NC | G12: N.A. | H12: 6 | I12: 6 | J12: 8.9 | K12: 2.7 | L12: =J12*K12 -> 24.03 | M12: 22 | N12: ±2 | O12: ≤ 65,0 | P12: NA | Q12: 22 | R12: ±2 | S12: ≤ 65,0 | T12: NA | U12: =J12*$U$7 -> 178 | V12: ='CarichiApparecchiature(NO PLOT)'!J11 -> 0 | W12: 0 | X12: =W12*$X$7 -> 0 | Y12: =W12*$Y$7 -> 0 | Z12: =L12*$AC$7 -> 276.345 | AA12: =U12+V12+X12+Z12 -> 454.345 | AB12: =L12*$AD$7 -> 396.495 | AC12: =_xlfn.CEILING.MATH('Carichi t. LBW(NO PLOT)'!AA9,0.5) -> 8.5 | AD12: =_xlfn.CEILING.MATH('Carichi t. LBW(NO PLOT)'!AC20,0.5) -> 12.5 | AE12: LBW SPOGL P1
A13: AH-103-01 | B13: MAGAZZINO BASSO P1 | C13: A102 | D13: AIRLOCK VT | F13: NC | G13: N.A. | H13: 6 | I13: 6 | J13: 5.9 | K13: 2.7 | L13: =J13*K13 -> 15.93 | M13: 22 | N13: ±2 | O13: ≤ 65,0 | P13: NA | Q13: 22 | R13: ±2 | S13: ≤ 65,0 | T13: NA | U13: =J13*$U$7 -> 118 | V13: ='CarichiApparecchiature(NO PLOT)'!J12 -> 0 | W13: 0 | X13: =W13*$X$7 -> 0 | Y13: =W13*$Y$7 -> 0 | Z13: =L13*$AC$7 -> 183.195 | AA13: =U13+V13+X13+Z13 -> 301.195 | AB13: =L13*$AD$7 -> 262.845 | AC13: =_xlfn.CEILING.MATH('Carichi t. REV(NO PLOT)'!AA4,0.5) -> 22 | AD13: =_xlfn.CEILING.MATH('Carichi t. REV(NO PLOT)'!AA11,0.5) -> 11 | AE13: REV P0-1
A14: AH-103-01 | B14: MAGAZZINO BASSO P1 | C14: A103 | D14: CORRIDOR | F14: NC | G14: N.A. | H14: 6 | I14: 6 | J14: 23.36 | K14: 2.7 | L14: =J14*K14 -> 63.072 | M14: 22 | N14: ±2 | O14: ≤ 65,0 | P14: NA | Q14: 22 | R14: ±2 | S14: ≤ 65,0 | T14: NA | U14: =J14*$U$7 -> 467.2 | V14: ='CarichiApparecchiature(NO PLOT)'!J13 -> 0 | W14: 0 | X14: =W14*$X$7 -> 0 | Y14: =W14*$Y$7 -> 0 | Z14: =L14*$AC$8 -> 851.472 | AA14: =U14+V14+X14+Z14 -> 1318.672 | AB14: =L14*$AD$8 -> 883.008 | AC14: =AC7/2 -> 5.75 | AD14: =AD7/2 -> 8.25 | AE14: REV P0-2
A15: AH-103-1 + FC-103-01 (2) | B15: REVAMPING P0 | C15: 0428 | D15: PREDISPOSITION TO DS | F15: NC | G15: N.A. | H15: 3 | I15: 3 | J15: 63.81 | K15: 2.7 | L15: =J15*K15 -> 172.287 | M15: 22 | N15: ≤ 25,0 | O15: ≤ 65,0 | P15: NA | Q15: 22 | R15: ≥ 15,0 | S15: ≤ 65,0 | T15: NA | U15: =J15*$U$7 -> 1276.2 | V15: ='CarichiApparecchiature(NO PLOT)'!J23 -> 10800 | W15: 0 | X15: =W15*$X$7 -> 0 | Y15: =W15*$Y$7 -> 0 | Z15: =L15*AC13 -> 3790.314 | AA15: =U15+V15+X15+Z15 -> 15866.514 | AB15: =L15*AD13 -> 1895.157
A16: AH-103-1 (4) | B16: REVAMPING P0 - PREDISPOSIZIONE | C16: 0437 | D16: REVAMPING SAMPLING ON LINE (FUTURO) | F16: NC | G16: N.A. | H16: 3 | I16: 3 | J16: 43.5 | K16: 3 | L16: =J16*K16 -> 130.5 | M16: NA | N16: NA | O16: NA | P16: NA | Q16: NA | R16: NA | S16: NA | T16: NA | U16: NA | V16: NA | W16: 0 | X16: NA | Y16: NA | Z16: NA | AA16: NA | AB16: NA | AC16: 7.5 | AD16: =_xlfn.CEILING.MATH('Carichi t. LBW(NO PLOT)'!AC27,0.5) -> 0 | AE16: LBW WC P1
A17: AH-103-1 (4) | B17: REVAMPING P1 - PREDISPOSIZIONE | C17: 1278 | D17: REVAMPING PASSAGEWAY (FUTURO) | F17: NC | G17: N.A. | H17: 3 | I17: 3 | J17: 52.56 | K17: 3 | L17: =J17*K17 -> 157.68 | M17: NA | N17: NA | O17: NA | P17: NA | Q17: NA | R17: NA | S17: NA | T17: NA | U17: NA | V17: NA | W17: 0 | X17: NA | Y17: NA | Z17: NA | AA17: NA | AB17: NA | AC17: =_xlfn.CEILING.MATH('Carichi t. LBW(NO PLOT)'!AA31,0.5) -> 0 | AD17: =_xlfn.CEILING.MATH('Carichi t. LBW(NO PLOT)'!AC44,0.5) -> 0 | AE17: LBW WC P1
A18: AH-103-1 (4) | B18: REVAMPING P1 - PREDISPOSIZIONE | C18: 1373 | D18: REVAMPING CALIBRATION AREA (FUTURO) | F18: NC | G18: N.A. | H18: 3 | I18: 3 | J18: 70.27 | K18: 3 | L18: =J18*K18 -> 210.81 | M18: NA | N18: NA | O18: NA | P18: NA | Q18: NA | R18: NA | S18: NA | T18: NA | U18: NA | V18: NA | W18: 0 | X18: NA | Y18: NA | Z18: NA | AA18: NA | AB18: NA | AC18: =_xlfn.CEILING.MATH('Carichi t. LBW(NO PLOT)'!AA34,0.5) -> 0 | AD18: =_xlfn.CEILING.MATH('Carichi t. LBW(NO PLOT)'!AC47,0.5) -> 0 | AE18: LBW AREA TEC
A20: AH-104-1 + FC-104-01 (2) | B20: MAGAZZINO BASSO P1 | C20: A104 | D20: MALE CHANGING ROOM | F20: NC | G20: N.A. | H20: (1) | I20: (1) (2) | J20: 18.37 | K20: 2.7 | L20: =J20*K20 -> 49.599 | M20: 22 | N20: ±2 | O20: ≤ 65,0 | P20: NA | Q20: 22 | R20: ±2 | S20: ≤ 65,0 | T20: NA | U20: =J20*$U$7 -> 367.4 | V20: ='CarichiApparecchiature(NO PLOT)'!J14 -> 0 | W20: =_xlfn.CEILING.MATH(25*0.25,1) -> 7 | X20: =W20*$X$7 -> 700 | Y20: =W20*$Y$7 -> 525 | Z20: =L20*$AC$12 -> 421.5915 | AA20: =U20+V20+X20+Z20 -> 1488.9915 | AB20: =L20*$AD$12 -> 619.9875 | AC20: =_xlfn.CEILING.MATH('Carichi t. LINK(NO PLOT)'!AA4,0.5) -> 4.5 | AD20: =_xlfn.CEILING.MATH('Carichi t. LINK(NO PLOT)'!AA8,0.5) -> 7.5 | AE20: LOG OUT
A21: AH-104-1 + FC-104-01 (2) | B21: MAGAZZINO BASSO P1 | C21: A105 | D21: MALE WC | F21: NC | G21: N.A. | H21: 0 | I21: 0 (2) | J21: 23 | K21: 2.7 | L21: =J21*K21 -> 62.1 | M21: 22 | N21: ±2 | O21: ≤ 65,0 | P21: NA | Q21: 22 | R21: ±2 | S21: ≤ 65,0 | T21: NA | U21: =J21*$U$7 -> 460 | V21: ='CarichiApparecchiature(NO PLOT)'!J15 -> 0 | W21: 0 | X21: =W21*$X$7 -> 0 | Y21: =W21*$Y$7 -> 0 | Z21: =L21*$AC$9/3 -> 175.95 | AA21: =U21+V21+X21+Z21 -> 635.95 | AB21: =L21*$AD$9 -> 776.25
A22: AH-104-1 + FC-104-01 (2) | B22: MAGAZZINO BASSO P1 | C22: A106 | D22: FEMALE WC | F22: NC | G22: N.A. | H22: 0 | I22: 0 (2) | J22: 23 | K22: 2.7 | L22: =J22*K22 -> 62.1 | M22: 22 | N22: ±2 | O22: ≤ 65,0 | P22: NA | Q22: 22 | R22: ±2 | S22: ≤ 65,0 | T22: NA | U22: =J22*$U$7 -> 460 | V22: ='CarichiApparecchiature(NO PLOT)'!J16 -> 0 | W22: 0 | X22: =W22*$X$7 -> 0 | Y22: =W22*$Y$7 -> 0 | Z22: =L22*$AC$9/3 -> 175.95 | AA22: =U22+V22+X22+Z22 -> 635.95 | AB22: =L22*$AD$9 -> 776.25 | AC22: 0 | AD22: 0 | AE22: interni
A23: AH-104-1 + FC-104-01 (2) | B23: MAGAZZINO BASSO P1 | C23: A107 | D23: FEMALE CHANGING ROOM | F23: NC | G23: N.A. | H23: (1) | I23: (1) (2) | J23: 26 | K23: 2.7 | L23: =J23*K23 -> 70.2 | M23: 22 | N23: ±2 | O23: ≤ 65,0 | P23: NA | Q23: 22 | R23: ±2 | S23: ≤ 65,0 | T23: NA | U23: =J23*$U$7 -> 520 | V23: ='CarichiApparecchiature(NO PLOT)'!J17 -> 0 | W23: =_xlfn.CEILING.MATH(39*0.25,1) -> 10 | X23: =W23*$X$7 -> 1000 | Y23: =W23*$Y$7 -> 750 | Z23: =L23*$AC$12 -> 596.7 | AA23: =U23+V23+X23+Z23 -> 2116.7 | AB23: =L23*$AD$12 -> 877.5 | AC23: 13 | AD23: 11 | AE23: esposti
A24: AH-104-1 + FC-104-01 (2) | B24: MAGAZZINO BASSO P1 | C24: A110 | D24: SUPERVISOR ROOM | F24: NC | G24: N.A. | H24: (1) | I24: (1) (2) | J24: 7 | K24: 2.7 | L24: =J24*K24 -> 18.9 | M24: 22 | N24: ±2 | O24: ≤ 65,0 | P24: NA | Q24: 22 | R24: ±2 | S24: ≤ 65,0 | T24: NA | U24: =J24*$U$7 -> 140 | V24: ='CarichiApparecchiature(NO PLOT)'!J18 -> 75 | W24: 1 | X24: =W24*$X$7 -> 100 | Y24: =W24*$Y$7 -> 75 | Z24: =L24*$AC$7 -> 217.35 | AA24: =U24+V24+X24+Z24 -> 532.35 | AB24: =L24*$AD$7 -> 311.85
A25: AH-104-1 + FC-104-01 (2) | B25: MAGAZZINO BASSO P1 | C25: A109 | D25: UPS ROOM | F25: NC | G25: N.A. | H25: 3 | I25: 3 | J25: 6 | K25: 2.7 | L25: =J25*K25 -> 16.2 | M25: 25 | N25: ≤ 30,0 | O25: NA | P25: NA | Q25: 20 | R25: ≥ 15,0 | S25: NA | T25: NA | U25: =J25*$U$7 -> 120 | V25: ='CarichiApparecchiature(NO PLOT)'!J19 -> 5500 | W25: 0 | X25: =W25*$X$7 -> 0 | Y25: =W25*$Y$7 -> 0 | Z25: =L25*$AC$7 -> 186.3 | AA25: =U25+V25+X25+Z25 -> 5806.3 | AB25: =L25*$AD$7 -> 267.3
AC26: =_xlfn.CEILING.MATH('Carichi t. REV(NO PLOT)'!AA6,1) -> 7 | AD26: =_xlfn.CEILING.MATH('Carichi t. REV(NO PLOT)'!AA13,0.5) -> 4 | AE26: CORRID NO BETA
A27: AH-105-01 | B27: REVAMPING P0 | C27: E002 | D27: LOGISTIC AIRLOCK OUT | F27: NC | G27: N.A. | H27: 6 | I27: 6 | J27: 24.5 | K27: 2.7 | L27: =J27*K27 -> 66.15 | M27: 22 | N27: ±2 | O27: ≤ 65,0 | P27: NA | Q27: 22 | R27: ±2 | S27: ≤ 65,0 | T27: NA | U27: =J27*$U$7 -> 490 | V27: ='CarichiApparecchiature(NO PLOT)'!J30 -> 0 | W27: 0 | X27: =W27*$X$7 -> 0 | Y27: =W27*$Y$7 -> 0 | Z27: =L27*$AC$20 -> 297.675 | AA27: =U27+V27+X27+Z27 -> 787.675 | AB27: =L27*$AD$20 -> 496.125
A28: AH-105-01 | B28: REVAMPING P0 | C28: E003 | D28: LOGISTIC AIRLOCK IN | F28: NC | G28: N.A. | H28: 6 | I28: 6 | J28: 4.58 | K28: 2.4 | L28: =J28*K28 -> 10.992 | M28: 22 | N28: ±2 | O28: ≤ 65,0 | P28: NA | Q28: 22 | R28: ±2 | S28: ≤ 65,0 | T28: NA | U28: =J28*$U$7 -> 91.6 | V28: ='CarichiApparecchiature(NO PLOT)'!J29 -> 0 | W28: 0 | X28: =W28*$X$7 -> 0 | Y28: =W28*$Y$7 -> 0 | Z28: =L28*$AC$22 -> 0 | AA28: =U28+V28+X28+Z28 -> 91.6 | AB28: =L28*$AD$22 -> 0
A30: AH-106-1 | B30: REVAMPING P0 | C30: 0605/0311 | D30: WAREHOUSE NORTH SIDE / CORRIDOR | F30: NC | G30: N.A. | H30: 3 | I30: 3 | J30: 682 | K30: 3 | L30: =J30*K30 -> 2046 | M30: 22 | N30: ≤ 25,0 | O30: ≤ 65,0 | P30: NA | Q30: 22 | R30: ≥ 15,0 | S30: ≤ 65,0 | T30: NA | U30: =J30*$U$7 -> 13640 | V30: ='CarichiApparecchiature(NO PLOT)'!J32 -> 2520 | W30: 1 | X30: =W30*$X$7 -> 100 | Y30: =W30*$Y$7 -> 75 | Z30: =L30*$AC$22 -> 0 | AA30: =U30+V30+X30+Z30 -> 16260 | AB30: =L30*$AD$22 -> 0
A31: AH-106-1 | B31: REVAMPING P0 | C31: 0606 | D31: NO BETA AREA CORRIDOR | F31: NC | G31: N.A. | H31: 3 | I31: 3 | J31: 228 | K31: =AVERAGE((3.9-0.4),AVERAGE((3.9-0.4),(3.4-0.4))) -> 3.375 | L31: =J31*K31 -> 769.5 | M31: 22 | N31: ≤ 25,0 | O31: ≤ 65,0 | P31: NA | Q31: 22 | R31: ≥ 15,0 | S31: ≤ 65,0 | T31: NA | U31: =J31*$U$7 -> 4560 | V31: ='CarichiApparecchiature(NO PLOT)'!J33 -> 0 | W31: 0 | X31: =W31*$X$7 -> 0 | Y31: =W31*$Y$7 -> 0 | Z31: =L31*$AC$26 -> 5386.5 | AA31: =U31+V31+X31+Z31 -> 9946.5 | AB31: =L31*$AD$26 -> 3078
A32: AH-106-1 | B32: REVAMPING P0 | C32: 0615 | D32: WASTE MATERIAL EXIT | F32: NC | G32: N.A. | H32: 3 | I32: 3 | J32: 24.3 | K32: 3.6 | L32: =J32*K32 -> 87.48 | M32: 22 | N32: ≤ 25,0 | O32: ≤ 65,0 | P32: NA | Q32: 22 | R32: ≥ 15,0 | S32: ≤ 65,0 | T32: NA | U32: =J32*$U$7 -> 486 | V32: ='CarichiApparecchiature(NO PLOT)'!J34 -> 0 | W32: 0 | X32: =W32*$X$7 -> 0 | Y32: =W32*$Y$7 -> 0 | Z32: =L32*$AC$14 -> 503.01 | AA32: =U32+V32+X32+Z32 -> 989.01 | AB32: =L32*$AD$14 -> 721.71
A34: AH-107-1 + FC-107-01 (2) | B34: REVAMPING P0 | C34: B001 | D34: DS STORAGE | F34: NC | G34: N.A. | H34: 3 | I34: 3 | J34: 37.18 | K34: 2.7 | L34: =J34*K34 -> 100.386 | M34: 22 | N34: ≤ 25,0 | O34: ≤ 65,0 | P34: NA | Q34: 22 | R34: ≥ 15,0 | S34: ≤ 65,0 | T34: NA | U34: =J34*$U$7 -> 743.6 | V34: ='CarichiApparecchiature(NO PLOT)'!J25 -> 4500 | W34: 0 | X34: =W34*$X$7 -> 0 | Y34: =W34*$Y$7 -> 0 | Z34: =L34*$AC$14 -> 577.2195 | AA34: =U34+V34+X34+Z34 -> 5820.8195 | AB34: =L34*$AD$14 -> 828.1845
A35: AH-107-1 + FC-107-01 (2) | B35: REVAMPING P0 | C35: B002 | D35: CHECK ROOM/AIRLOCK | F35: NC | G35: N.A. | H35: 3 | I35: 3 | J35: 18 | K35: 2.7 | L35: =J35*K35 -> 48.6 | M35: 22 | N35: ≤ 25,0 | O35: ≤ 65,0 | P35: NA | Q35: 22 | R35: ≥ 15,0 | S35: ≤ 65,0 | T35: NA | U35: =J35*$U$7 -> 360 | V35: ='CarichiApparecchiature(NO PLOT)'!J26 -> 900 | W35: 1 | X35: =W35*$X$7 -> 100 | Y35: =W35*$Y$7 -> 75 | Z35: =L35*$AC$22 -> 0 | AA35: =U35+V35+X35+Z35 -> 1360 | AB35: =L35*$AD$22 -> 0
A36: AH-107-1 + FC-107-01 (2) | B36: REVAMPING P0 | C36: B003 | D36: RECEIVING | F36: NC | G36: N.A. | H36: 3 | I36: 3 | J36: 13 | K36: 2.7 | L36: =J36*K36 -> 35.1 | M36: 22 | N36: ≤ 25,0 | O36: ≤ 65,0 | P36: NA | Q36: 22 | R36: ≥ 15,0 | S36: ≤ 65,0 | T36: NA | U36: =J36*$U$7 -> 260 | V36: ='CarichiApparecchiature(NO PLOT)'!J27 -> 0 | W36: 0 | X36: =W36*$X$7 -> 0 | Y36: =W36*$Y$7 -> 0 | Z36: =L36*$AC$14 -> 201.825 | AA36: =U36+V36+X36+Z36 -> 461.825 | AB36: =L36*$AD$14 -> 289.575
A38: FC-102-01 (3) | B38: LINK CORRIDOR P1 | C38: E102 | D38: ELECTRIC ROOM | F38: NC | G38: N.A. | H38: 0 | I38: 0 (3) | J38: 27 | K38: 2.7 | L38: =J38*K38 -> 72.9 | M38: 22 | N38: ±2 | O38: ≤ 65,0 | P38: NA | Q38: 22 | R38: ±2 | S38: ≤ 65,0 | T38: NA | U38: =J38*$U$7 -> 540 | V38: ='CarichiApparecchiature(NO PLOT)'!J21 -> 6100 | W38: 0 | X38: =W38*$X$7 -> 0 | Y38: =W38*$Y$7 -> 0 | Z38: =L38*$AC$7 -> 838.35 | AA38: =U38+V38+X38+Z38 -> 7478.35 | AB38: =L38*$AD$7 -> 1202.85
A40: Note | C40: (1) Rinnovi aria esterna ≥ 39,6 mc/h pp (2) Ventilconvettori + aria primaria (3) Ventilconvettori (4) Aria primaria | E40: NC Non Classificato NA Non Applicabile
M42: Condizioni Esterne Estate | Q42: Condizioni Esterne Inverno
B44: Cella con riferimento ad altra cella o foglio | M44: T | N44: tol. | O44: U.R. | P44: tol. | Q44: T | R44: tol. | S44: U.R. | T44: tol.
M45: °C | O45: % | Q45: °C | S45: %
B46: Cella contenente formula | M46: 36 | N46: - | O46: 60 | P46: - | Q46: -5 | R46: - | S46: 80 | T46: -
B48: Cella compilata e controllata
A51: HVAC Design Criteria
A53: Sistema | C53: Locale | E53: Classe locale | F53: Tipo impianto HVAC | I53: Terminali aria | M53: Classe Tenuta Canali | N53: Livello Rumore | P53: Monitoraggio EMS | U53: ATEX Class. | V53: Fumigazione
F54: % Aria Esterna | G54: Tipologia impianto | H54: Controllo Pressione | I54: Mandata | K54: Ripresa / Estrazione | N54: Area produzione | O54: Altre aree
A56: Codice | B56: Area servita | C56: Codice | D56: Descrizione | E56: GMP | I56: Tipo | J56: Posizione | K56: Tipo | L56: Posizione | N56: dBA | O56: dBA | P56: ΔP locali | Q56: T | R56: U.R. | S56: Conc. Partic. | T56: Conc. Microb. | U56: si / no | V56: si / no
A57: =A8 -> AH-102-01 | B57: =B8 -> LINK CORRIDOR P0 | C57: =C8 -> E001 | D57: =D8 -> MATERIAL RECEIVING LINK CORRIDOR | E57: =F8 -> NC | F57: =PortateAria!AG13 -> 0.12820513 | G57: CAV | H57: NA | I57: Diffusore elicoidale | J57: Controsoffitto | K57: Ripresa elicoidale | L57: Controsoffitto | M57: B | N57: ≤ 60 | O57: ≤ 60 | P57: - | Q57: X | R57: X | S57: - | T57: - | U57: No | V57: No
A59: =A10 -> AH-103-01 | B59: =B10 -> MAGAZZINO BASSO P0 | C59: =C10 -> A001 | D59: =D10 -> ENTRANCE | E59: =F10 -> NC | F59: =PortateAria!$AG$36 -> 0.13375796 | G59: CAV | H59: NA | I59: Diffusore elicoidale a geometria varianbile | J59: Soffitto | K59: Griglia alettata | L59: Canale bassa | M59: B | N59: ≤ 60 | O59: ≤ 60 | P59: - | Q59: - | R59: - | S59: - | T59: - | U59: No | V59: No
A60: =A11 -> AH-103-01 | B60: =B11 -> MAGAZZINO BASSO P0 | C60: =C11 -> A002 | D60: =D11 -> HANDLING AREA | E60: =F11 -> NC | F60: =PortateAria!$AG$36 -> 0.13375796 | G60: CAV | H60: NA | I60: Diffusore elicoidale a geometria varianbile | J60: Soffitto | K60: Griglia forellinata | L60: Soffitto | M60: B | N60: ≤ 60 | O60: ≤ 60 | P60: - | Q60: X | R60: X | S60: - | T60: - | U60: No | V60: No
A61: =A12 -> AH-103-01 | B61: =B12 -> MAGAZZINO BASSO P1 | C61: =C12 -> A101 | D61: =D12 -> FILTER AGAINST FIRE | E61: =F12 -> NC | F61: =PortateAria!$AG$36 -> 0.13375796 | G61: CAV | H61: NA | I61: Diffusore elicoidale | J61: Controsoffitto | K61: Griglia forellinata | L61: Controsoffitto | M61: B | N61: ≤ 60 | O61: ≤ 60 | P61: - | Q61: - | R61: - | S61: - | T61: - | U61: No | V61: No
A62: =A13 -> AH-103-01 | B62: =B13 -> MAGAZZINO BASSO P1 | C62: =C13 -> A102 | D62: =D13 -> AIRLOCK VT | E62: =F13 -> NC | F62: =PortateAria!$AG$36 -> 0.13375796 | G62: CAV | H62: NA | I62: Diffusore elicoidale | J62: Controsoffitto | K62: Griglia forellinata | L62: Controsoffitto | M62: B | N62: ≤ 60 | O62: ≤ 60 | P62: - | Q62: - | R62: - | S62: - | T62: - | U62: No | V62: No
A63: =A14 -> AH-103-01 | B63: =B14 -> MAGAZZINO BASSO P1 | C63: =C14 -> A103 | D63: =D14 -> CORRIDOR | E63: =F14 -> NC | F63: =PortateAria!$AG$36 -> 0.13375796 | G63: CAV | H63: NA | I63: Diffusore elicoidale | J63: Controsoffitto | K63: Griglia forellinata | L63: Controsoffitto | M63: B | N63: ≤ 60 | O63: ≤ 60 | P63: - | Q63: - | R63: - | S63: - | T63: - | U63: No | V63: No
A64: =A15 -> AH-103-1 + FC-103-01 (2) | B64: =B15 -> REVAMPING P0 | C64: =C15 -> 0428 | D64: =D15 -> PREDISPOSITION TO DS | E64: =F15 -> NC | F64: =PortateAria!$AG$36 -> 0.13375796 | G64: CAV | H64: NA | I64: Diffusore elicoidale | J64: Controsoffitto | K64: Ripresa elicoidale | L64: Controsoffitto | M64: B | N64: ≤ 60 | O64: ≤ 60 | P64: - | Q64: X | R64: X | S64: - | T64: - | U64: No | V64: No
A65: =A16 -> AH-103-1 (4) | B65: =B16 -> REVAMPING P0 - PREDISPOSIZIONE | C65: =C16 -> 0437 | D65: =D16 -> REVAMPING SAMPLING ON LINE (FUTURO) | E65: =F16 -> NC | F65: NA | G65: NA | H65: NA | I65: NA | J65: NA | K65: NA | L65: NA | M65: NA | N65: NA | O65: NA | P65: - | Q65: - | R65: - | S65: - | T65: - | U65: No | V65: No
A66: =A17 -> AH-103-1 (4) | B66: =B17 -> REVAMPING P1 - PREDISPOSIZIONE | C66: =C17 -> 1278 | D66: =D17 -> REVAMPING PASSAGEWAY (FUTURO) | E66: =F17 -> NC | F66: NA | G66: NA | H66: NA | I66: NA | J66: NA | K66: NA | L66: NA | M66: NA | N66: NA | O66: NA | P66: - | Q66: - | R66: - | S66: - | T66: - | U66: No | V66: No
A67: =A18 -> AH-103-1 (4) | B67: =B18 -> REVAMPING P1 - PREDISPOSIZIONE | C67: =C18 -> 1373 | D67: =D18 -> REVAMPING CALIBRATION AREA (FUTURO) | E67: =F18 -> NC | F67: NA | G67: NA | H67: NA | I67: NA | J67: NA | K67: NA | L67: NA | M67: NA | N67: NA | O67: NA | P67: - | Q67: - | R67: - | S67: - | T67: - | U67: No | V67: No
A69: =A20 -> AH-104-1 + FC-104-01 (2) | B69: =B20 -> MAGAZZINO BASSO P1 | C69: =C20 -> A104 | D69: =D20 -> MALE CHANGING ROOM | E69: =F20 -> NC | F69: =PortateAria!$AG$56 -> 1 | G69: CAV | H69: NA | I69: Diffusore elicoidale | J69: Controsoffitto | K69: Griglia forellinata | L69: Controsoffitto | M69: B | N69: ≤ 60 | O69: ≤ 60 | P69: - | Q69: - | R69: - | S69: - | T69: - | U69: No | V69: No
A70: =A21 -> AH-104-1 + FC-104-01 (2) | B70: =B21 -> MAGAZZINO BASSO P1 | C70: =C21 -> A105 | D70: =D21 -> MALE WC | E70: =F21 -> NC | F70: =PortateAria!$AG$56 -> 1 | G70: CAV | H70: NA | I70: Diffusore elicoidale | J70: Controsoffitto | K70: Valvola di estrazione | L70: Controsoffitto | M70: B | N70: ≤ 60 | O70: ≤ 60 | P70: - | Q70: - | R70: - | S70: - | T70: - | U70: No | V70: No
A71: =A22 -> AH-104-1 + FC-104-01 (2) | B71: =B22 -> MAGAZZINO BASSO P1 | C71: =C22 -> A106 | D71: =D22 -> FEMALE WC | E71: =F22 -> NC | F71: =PortateAria!$AG$56 -> 1 | G71: CAV | H71: NA | I71: Diffusore elicoidale | J71: Controsoffitto | K71: Valvola di estrazione | L71: Controsoffitto | M71: B | N71: ≤ 60 | O71: ≤ 60 | P71: - | Q71: - | R71: - | S71: - | T71: - | U71: No | V71: No
A72: =A23 -> AH-104-1 + FC-104-01 (2) | B72: =B23 -> MAGAZZINO BASSO P1 | C72: =C23 -> A107 | D72: =D23 -> FEMALE CHANGING ROOM | E72: =F23 -> NC | F72: =PortateAria!$AG$56 -> 1 | G72: CAV | H72: NA | I72: Diffusore elicoidale | J72: Controsoffitto | K72: Griglia forellinata | L72: Controsoffitto | M72: B | N72: ≤ 60 | O72: ≤ 60 | P72: - | Q72: - | R72: - | S72: - | T72: - | U72: No | V72: No
A73: =A24 -> AH-104-1 + FC-104-01 (2) | B73: =B24 -> MAGAZZINO BASSO P1 | C73: =C24 -> A110 | D73: =D24 -> SUPERVISOR ROOM | E73: =F24 -> NC | F73: =PortateAria!$AG$56 -> 1 | G73: CAV | H73: NA | I73: Diffusore elicoidale | J73: Controsoffitto | K73: Griglia forellinata | L73: Controsoffitto | M73: B | N73: ≤ 60 | O73: ≤ 60 | P73: - | Q73: - | R73: - | S73: - | T73: - | U73: No | V73: No
A74: =A25 -> AH-104-1 + FC-104-01 (2) | B74: =B25 -> MAGAZZINO BASSO P1 | C74: =C25 -> A109 | D74: =D25 -> UPS ROOM | E74: =F25 -> NC | F74: =PortateAria!$AG$56 -> 1 | G74: CAV | H74: NA | I74: Diffusore elicoidale | J74: Controsoffitto | K74: Griglia forellinata | L74: Controsoffitto | M74: B | N74: ≤ 60 | O74: ≤ 60 | P74: - | Q74: - | R74: - | S74: - | T74: - | U74: No | V74: No
A76: =A27 -> AH-105-01 | B76: =B27 -> REVAMPING P0 | C76: =C27 -> E002 | D76: =D27 -> LOGISTIC AIRLOCK OUT | E76: =F27 -> NC | F76: =PortateAria!$AG$72 -> 0.55555556 | G76: CAV | H76: NA | I76: Diffusore elicoidale | J76: Controsoffitto | K76: Ripresa elicoidale | L76: Controsoffitto | M76: B | N76: ≤ 60 | O76: ≤ 60 | P76: - | Q76: - | R76: - | S76: - | T76: - | U76: No | V76: No
A77: =A28 -> AH-105-01 | B77: =B28 -> REVAMPING P0 | C77: =C28 -> E003 | D77: =D28 -> LOGISTIC AIRLOCK IN | E77: =F28 -> NC | F77: =PortateAria!$AG$72 -> 0.55555556 | G77: CAV | H77: NA | I77: Diffusore elicoidale | J77: Controsoffitto | K77: Ripresa elicoidale | L77: Controsoffitto | M77: B | N77: ≤ 60 | O77: ≤ 60 | P77: - | Q77: - | R77: - | S77: - | T77: - | U77: No | V77: No
A79: =A30 -> AH-106-1 | B79: =B30 -> REVAMPING P0 | C79: =C30 -> 0605/0311 | D79: =D30 -> WAREHOUSE NORTH SIDE / CORRIDOR | E79: =F30 -> NC | F79: =PortateAria!$AG$89 -> 0.02962963 | G79: CAV | H79: NA | I79: Diffusore elicoidale / Diffusore alettato direzionabile | J79: Controsoffitto | K79: Ripresa elicoidale / Griglia alettata | L79: Controsoffitto / Canale alta | M79: B | N79: ≤ 60 | O79: ≤ 60 | P79: - | Q79: X | R79: X | S79: - | T79: - | U79: No | V79: No
A80: =A31 -> AH-106-1 | B80: =B31 -> REVAMPING P0 | C80: =C31 -> 0606 | D80: =D31 -> NO BETA AREA CORRIDOR | E80: =F31 -> NC | F80: =PortateAria!$AG$89 -> 0.02962963 | G80: CAV | H80: NA | I80: Diffusore elicoidale | J80: Controsoffitto | K80: Ripresa elicoidale | L80: Controsoffitto | M80: B | N80: ≤ 60 | O80: ≤ 60 | P80: - | Q80: X | R80: X | S80: - | T80: - | U80: No | V80: No
A81: =A32 -> AH-106-1 | B81: =B32 -> REVAMPING P0 | C81: =C32 -> 0615 | D81: =D32 -> WASTE MATERIAL EXIT | E81: =F32 -> NC | F81: =PortateAria!$AG$89 -> 0.02962963 | G81: CAV | H81: NA | I81: Diffusore elicoidale | J81: Controsoffitto | K81: Ripresa elicoidale | L81: Controsoffitto | M81: B | N81: ≤ 60 | O81: ≤ 60 | P81: - | Q81: - | R81: - | S81: - | T81: - | U81: No | V81: No
A83: =A34 -> AH-107-1 + FC-107-01 (2) | B83: =B34 -> REVAMPING P0 | C83: =C34 -> B001 | D83: =D34 -> DS STORAGE | E83: =F34 -> NC | F83: =PortateAria!$AG$106 -> 1 | G83: H&V | H83: NA | I83: Diffusore elicoidale | J83: Controsoffitto | K83: Ripresa elicoidale | L83: Controsoffitto | M83: B | N83: ≤ 60 | O83: ≤ 60 | P83: - | Q83: X | R83: X | S83: - | T83: - | U83: No | V83: No
A84: =A35 -> AH-107-1 + FC-107-01 (2) | B84: =B35 -> REVAMPING P0 | C84: =C35 -> B002 | D84: =D35 -> CHECK ROOM/AIRLOCK | E84: =F35 -> NC | F84: =PortateAria!$AG$106 -> 1 | G84: H&V | H84: NA | I84: Diffusore elicoidale | J84: Controsoffitto | K84: Ripresa elicoidale | L84: Controsoffitto | M84: B | N84: ≤ 60 | O84: ≤ 60 | P84: - | Q84: X | R84: X | S84: - | T84: - | U84: No | V84: No
A85: =A36 -> AH-107-1 + FC-107-01 (2) | B85: =B36 -> REVAMPING P0 | C85: =C36 -> B003 | D85: =D36 -> RECEIVING | E85: =F36 -> NC | F85: =PortateAria!$AG$106 -> 1 | G85: H&V | H85: NA | I85: Diffusore elicoidale | J85: Controsoffitto | K85: Ripresa elicoidale | L85: Controsoffitto | M85: B | N85: ≤ 60 | O85: ≤ 60 | P85: - | Q85: - | R85: - | S85: - | T85: - | U85: No | V85: No
A87: =A38 -> FC-102-01 (3) | B87: =B38 -> LINK CORRIDOR P1 | C87: =C38 -> E102 | D87: =D38 -> ELECTRIC ROOM | E87: =F38 -> NC | F87: 0 | G87: H&V | H87: NA | I87: NA | J87: NA | K87: NA | L87: NA | M87: NA | N87: NA | O87: NA | P87: - | Q87: - | R87: - | S87: - | T87: - | U87: No | V87: No
A89: Note | C89: (1) Rinnovi aria esterna ≥ 39,6 mc/h pp (2) Ventilconvettori + aria primaria (3) Ventilconvettori (4) Aria primaria NC Non Classificato NA Non Applicabile | F89: CAV: Portata Aria Costante VAV: Portata Aria Variabile H&V: Riscaldamento e Ventilazione Attivo: Utilizza serrande e/o regolatori di portata aria controllati in modo elettrico o pneumatico per mantenere le differenze di pressione tra i vari locali Passivo: Utilizza serrande di regolazione e/o regolatori di portata aria del tipo meccanici autoazionati e/o di taratura per mantenere costanti le portate d'aria Off-Set: Utilizza regolatori di portata aria per mantenere costante la differenza di portata aria (off-set) tra la mandata ed il ritorno.
B106: Cella con riferimento ad altra cella o foglio
B108: Cella contenente formula
B110: Cella compilata e controllata

Sheet CarichiApparecchiature(NO PLOT)
A1: Carichi Termici Equipment
A2: Locale | B2: Descrizione | C2: Apparecchiatura | D2: Carico elettrico | E2: N. | F2: % utilizzo | G2: % diss. | H2: Carico dissipato unit | I2: Totale Carico dissipato | J2: Totale locale
D3: W | H3: W | I3: W | J3: W
A4: ='Design Criteria'!C8 -> E001 | B4: ='Design Criteria'!D8 -> MATERIAL RECEIVING LINK CORRIDOR | C4: Ricarica AGV | D4: 3000 | E4: 0 | F4: 0.5 | G4: 0.15 | H4: =G4*E4*F4*D4 -> 0 | I4: =H4*E4 -> 0 | J4: =SUM(I4:I5) -> 1800
C5: Motori rulliere | D5: 1000 | E5: 4 | F5: 0.75 | G5: 0.15 | H5: =G5*E5*F5*D5 -> 450 | I5: =H5*E5 -> 1800
A7: ='Design Criteria'!C10 -> A001 | B7: ='Design Criteria'!D10 -> ENTRANCE | H7: =G7*F7*D7 -> 0 | I7: =H7*E7 -> 0 | J7: =SUM(I7:I7) -> 0
A8: ='Design Criteria'!C11 -> A002 | B8: ='Design Criteria'!D11 -> HANDLING AREA | C8: Motori rulliere | D8: 1000 | E8: 3 | F8: 0.75 | G8: 0.15 | H8: =G8*E8*F8*D8 -> 337.5 | I8: =H8*E8 -> 1012.5 | J8: =SUM(I8:I10) -> 1462.5
C9: Wrapping machine | D9: 2000 | E9: 1 | F9: 0.5 | G9: 0.15 | H9: =G9*F9*D9 -> 150 | I9: =H9*E9 -> 150
C10: Cambio pallet | D10: 4000 | E10: 1 | F10: 0.5 | G10: 0.15 | H10: =G10*F10*D10 -> 300 | I10: =H10*E10 -> 300
A11: ='Design Criteria'!C12 -> A101 | B11: ='Design Criteria'!D12 -> FILTER AGAINST FIRE | J11: =SUM(I11:I11) -> 0
A12: ='Design Criteria'!C13 -> A102 | B12: ='Design Criteria'!D13 -> AIRLOCK VT | H12: =G12*F12*D12 -> 0 | I12: =H12*E12 -> 0 | J12: =SUM(I12:I12) -> 0
A13: ='Design Criteria'!C14 -> A103 | B13: ='Design Criteria'!D14 -> CORRIDOR | J13: =SUM(I13:I13) -> 0
A14: ='Design Criteria'!C20 -> A104 | B14: ='Design Criteria'!D20 -> MALE CHANGING ROOM | H14: =G14*F14*D14 -> 0 | I14: =H14*E14 -> 0 | J14: =SUM(I14:I14) -> 0
A15: ='Design Criteria'!C21 -> A105 | B15: ='Design Criteria'!D21 -> MALE WC | H15: =G15*F15*D15 -> 0 | I15: =H15*E15 -> 0 | J15: =SUM(I15:I15) -> 0
A16: ='Design Criteria'!C22 -> A106 | B16: ='Design Criteria'!D22 -> FEMALE WC | H16: =G16*F16*D16 -> 0 | I16: =H16*E16 -> 0 | J16: =SUM(I16:I16) -> 0
A17: ='Design Criteria'!C23 -> A107 | B17: ='Design Criteria'!D23 -> FEMALE CHANGING ROOM | J17: =SUM(I17:I17) -> 0
A18: ='Design Criteria'!C24 -> A110 | B18: ='Design Criteria'!D24 -> SUPERVISOR ROOM | C18: PC | D18: 500 | E18: 1 | F18: 1 | G18: 0.15 | H18: =G18*F18*D18 -> 75 | I18: =H18*E18 -> 75 | J18: =SUM(I18) -> 75
A19: ='Design Criteria'!C25 -> A109 | B19: ='Design Criteria'!D25 -> UPS ROOM | C19: UPS | H19: =G19*F19*D19 -> 0 | I19: =(5.5)*1000 -> 5500 | J19: =SUM(I19:I19) -> 5500
A21: ='Design Criteria'!C38 -> E102 | B21: ='Design Criteria'!D38 -> ELECTRIC ROOM | F21: 1 | G21: 0.15 | H21: =G21*F21*D21 -> 0 | I21: =(4.1+2)*1000 -> 6100 | J21: =SUM(I21:I21) -> 6100
A23: ='Design Criteria'!C15 -> 0428 | B23: ='Design Criteria'!D15 -> PREDISPOSITION TO DS | C23: Freezer -80 °C | D23: 1000 | E23: 12 | F23: 1 | G23: 0.9 | H23: =G23*F23*D23 -> 900 | I23: =H23*E23 -> 10800 | J23: =SUM(I23) -> 10800
A25: ='Design Criteria'!C34 -> B001 | B25: ='Design Criteria'!D34 -> DS STORAGE | C25: Freezer -80 °C | D25: 1000 | E25: 5 | F25: 1 | G25: 0.9 | H25: =G25*F25*D25 -> 900 | I25: =H25*E25 -> 4500 | J25: =SUM(I25) -> 4500
A26: ='Design Criteria'!C35 -> B002 | B26: ='Design Criteria'!D35 -> CHECK ROOM/AIRLOCK | C26: Freezer -80 °C | D26: 1000 | E26: 1 | F26: 1 | G26: 0.9 | H26: =G26*F26*D26 -> 900 | I26: =H26*E26 -> 900 | J26: =SUM(I26) -> 900
A27: ='Design Criteria'!C36 -> B003 | B27: ='Design Criteria'!D36 -> RECEIVING | H27: =G27*F27*D27 -> 0 | I27: =H27*E27 -> 0 | J27: =SUM(I27:I27) -> 0
A29: ='Design Criteria'!C28 -> E003 | B29: ='Design Criteria'!D28 -> LOGISTIC AIRLOCK IN | H29: =G29*F29*D29 -> 0 | I29: =H29*E29 -> 0 | J29: =SUM(I29:I29) -> 0
A30: ='Design Criteria'!C27 -> E002 | B30: ='Design Criteria'!D27 -> LOGISTIC AIRLOCK OUT | H30: =G30*F30*D30 -> 0 | I30: =H30*E30 -> 0 | J30: =SUM(I30:I30) -> 0
A32: ='Design Criteria'!C30 -> 0605/0311 | B32: ='Design Criteria'!D30 -> WAREHOUSE NORTH SIDE / CORRIDOR | C32: Ricarica AGV | D32: 3000 | E32: 4 | F32: 0.35 | G32: 0.15 | H32: =G32*E32*F32*D32 -> 630 | I32: =H32*E32 -> 2520 | J32: =SUM(I32) -> 2520
A33: ='Design Criteria'!C31 -> 0606 | B33: ='Design Criteria'!D31 -> NO BETA AREA CORRIDOR | H33: =G33*F33*D33 -> 0 | I33: =H33*E33 -> 0 | J33: =SUM(I33:I33) -> 0
A34: ='Design Criteria'!C32 -> 0615 | B34: ='Design Criteria'!D32 -> WASTE MATERIAL EXIT | H34: =G34*F34*D34 -> 0 | I34: =H34*E34 -> 0 | J34: =SUM(I34:I34) -> 0
H37: TOTALE | J37: =SUM(J4:J36) -> 33657.5
G64: 44697
G65: 44697

Sheet Carichi t. REV(NO PLOT)
A1: Locale | C1: ESTATE
C2: Ti (°C) | D2: Pavimento contro terra | G2: Solaio interpiano con locali non condizionati | J2: Copertura | M2: Pareti Esterne | P2: Vetrate Esterne | S2: Pareti su locali non condizionati | V2: Contrib. irragg.copertura | W2: Irragg. sup vetrate | X2: Contrib. irragg.pareti | Y2: Fatt correttivo altezza | Z2: Q TOT (kW)
A3: Descrizione | B3: Codice | D3: T (°C) | E3: Superficie (m2) | F3: Q (W) | G3: T (°C) | H3: Superficie (m2) | I3: Q (W) | J3: T (°C) | K3: Superficie (m2) | L3: Q (W) | M3: T (°C) | N3: Superficie (m2) | O3: Q (W) | P3: T (°C) | Q3: Superficie (m2) | R3: Q (W) | S3: T (°C) | T3: Superficie (m2) | U3: Q (W) | V3: Q (W) | W3: Q (W) | X3: Q (W) | AA3: W/mc
A4: ='Design Criteria'!D15 -> PREDISPOSITION TO DS | B4: ='Design Criteria'!C15 -> 0428 | C4: ='Design Criteria'!M15 -> 22 | D4: 15 | E4: ='Design Criteria'!J15 -> 63.81 | F4: 0 | G4: 30 | H4: 0 | I4: =$E$24*H4*(-C4+G4) -> 0 | J4: ='Design Criteria'!$M$46 -> 36 | K4: 0 | L4: =$E$19*K4*(-C4+J4) -> 0 | M4: ='Design Criteria'!$M$46 -> 36 | N4: =(14+5)*3 -> 57 | O4: =$E$21*N4*(M4-C4) -> 286.31183 | P4: ='Design Criteria'!$M$46 -> 36 | Q4: =(12.5+3.5)*1 -> 16 | R4: =$E$23*Q4*(P4-C4) -> 560 | U4: 0 | V4: =MAX(SUM(P81)-L4,0) -> 0 | W4: =SUM(M66:M67) -> 2824.1347 | X4: =MAX(SUM(P82:P85)-O4,0) -> 46.391127 | Y4: 1 | Z4: =(F4+I4+O4+R4+U4+L4+V4+W4+X4)*Y4/1000 -> 3.7168377 | AA4: =(Z4)/'Design Criteria'!$L$15*1000 -> 21.573524
A6: ='Design Criteria'!D31 -> NO BETA AREA CORRIDOR | B6: ='Design Criteria'!C31 -> 0606 | C6: ='Design Criteria'!M31 -> 22 | D6: 15 | E6: ='Design Criteria'!J31 -> 228 | F6: 0 | G6: 30 | H6: 0 | I6: =$E$24*H6*(-C6+G6) -> 0 | J6: ='Design Criteria'!$M$46 -> 36 | K6: 0 | L6: =$E$19*K6*(-C6+J6) -> 0 | M6: ='Design Criteria'!$M$46 -> 36 | N6: =(20)*3.9 -> 78 | O6: =$E$22*N6*(M6-C6) -> 265.01611 | P6: ='Design Criteria'!$M$46 -> 36 | Q6: =(20)*1 -> 20 | R6: =$E$23*Q6*(P6-C6) -> 700 | U6: 0 | V6: =MAX(SUM(P89)-L6,0) -> 0 | W6: =SUM(M71) -> 4050.7535 | X6: =MAX(SUM(P90:P93)-O6,0) -> 283.49708 | Y6: 1 | Z6: =(F6+I6+O6+R6+U6+L6+V6+W6+X6)*Y6/1000 -> 5.2992667 | AA6: =(Z6)/'Design Criteria'!$L$31*1000 -> 6.8866364
A8: Locale | C8: INVERNO
C9: Ti (°C) | D9: Pavimento contro terra | G9: Solaio interpiano | J9: Copertura | M9: Pareti Esterne | P9: Vetrate Esterne | S9: Pareti su locali non condizionati | V9: Contrib. irragg.copertura | W9: Irragg. sup vetrate | X9: Contrib. irragg.pareti | Y9: Fatt correttivo altezza | Z9: Q TOT (kW)
A10: Descrizione | B10: Codice | D10: T (°C) | E10: Superficie (m2) | F10: Q (W) | G10: T (°C) | H10: Superficie (m2) | I10: Q (W) | J10: T (°C) | K10: Superficie (m2) | L10: Q (W) | M10: T (°C) | N10: Superficie (m2) | O10: Q (W) | P10: T (°C) | Q10: Superficie (m2) | R10: Q (W) | S10: T (°C) | T10: Superficie (m2) | U10: Q (W) | V10: Q (W) | W10: Q (W) | X10: Q (W) | AA10: W/mc
A11: =A4 -> PREDISPOSITION TO DS | B11: =B4 -> 0428 | C11: ='Design Criteria'!Q15 -> 22 | D11: 10 | E11: =E4 -> 63.81 | F11: =-$E$18*E11*(D11-C11) -> 215.60982 | G11: 10 | H11: =H4 -> 0 | I11: =$E$24*H11*(C11-G11) -> 0 | J11: ='Design Criteria'!$Q$46 -> -5 | K11: =K4 -> 0 | L11: =$E$19*K11*(C11-J11) -> 0 | M11: ='Design Criteria'!$Q$46 -> -5 | N11: =N4 -> 57 | O11: =-$E$21*N11*(M11-C11) -> 552.17281 | P11: ='Design Criteria'!$Q$46 -> -5 | Q11: =Q4 -> 16 | R11: =$E$23*Q11*(-P11+C11) -> 1080 | S11: =S4 -> 0 | T11: =T4 -> 0 | U11: =-$E$20*T11*(S11-C11) -> 0 | V11: 0 | W11: 0 | X11: 0 | Y11: =Y4 -> 1 | Z11: =(F11+I11+O11+R11+U11+L11+V11+W11+X11)*Y11/1000 -> 1.8477826 | AA11: =(Z11)/'Design Criteria'!$L$15*1000 -> 10.725026
A13: =A6 -> NO BETA AREA CORRIDOR | B13: =B6 -> 0606 | C13: ='Design Criteria'!Q31 -> 22 | D13: 10 | E13: =E6 -> 228 | F13: =-$E$18*E13*(D13-C13) -> 770.39711 | G13: 10 | H13: =H6 -> 0 | I13: =$E$24*H13*(C13-G13) -> 0 | J13: ='Design Criteria'!$Q$46 -> -5 | K13: =K6 -> 0 | L13: =$E$19*K13*(C13-J13) -> 0 | M13: ='Design Criteria'!$Q$46 -> -5 | N13: =N6 -> 78 | O13: =-$E$21*N13*(M13-C13) -> 755.6049 | P13: ='Design Criteria'!$Q$46 -> -5 | Q13: =Q6 -> 20 | R13: =$E$23*Q13*(-P13+C13) -> 1350 | S13: =S6 -> 0 | T13: =T6 -> 0 | U13: =-$E$20*T13*(S13-C13) -> 0 | V13: 0 | W13: 0 | X13: 0 | Y13: =Y6 -> 1 | Z13: =(F13+I13+O13+R13+U13+L13+V13+W13+X13)*Y13/1000 -> 2.876002 | AA13: =(Z13)/'Design Criteria'!$L$31*1000 -> 3.7374945
D16: sovradimensionamento | E16: 0.25
D17: calc | E17: scelto
A18: U pavimento (W/m2 K) | D18: =SUM(F28:F31)^-1 -> 0.22526231 | E18: =D18*(1+$E$16) -> 0.28157789
A19: U copertura (W/m2 K) | D19: =SUM(F34:F37)^-1 -> 0.33737879 | E19: =D19*(1+$E$16) -> 0.42172349
A20: U parete interna (W/m2 K) | D20: =SUM(F40:F42)^-1 -> 0.28181818 | E20: =D20*(1+$E$16) -> 0.35227273
A21: U parete esterna 1 (W/m2 K) | D21: =SUM(F45:F47)^-1 -> 0.2870294 | E21: =D21*(1+$E$16) -> 0.35878675
A22: U parete esterna 2 (W/m2 K) | D22: =SUM(F50:F52)^-1 -> 0.19415099 | E22: =D22*(1+$E$16) -> 0.24268874
A23: U vetrata esterna (W/m2 K) | D23: 2 | E23: =D23*(1+$E$16) -> 2.5
A24: Solaio interpiano (W/m2 K) | D24: =SUM(F55:F58)^-1 -> 0.61661697 | E24: =D24*(1+$E$16) -> 0.77077121
A25: Controsoffitto (W/m2 K) | D25: =SUM(F61:F63)^-1 -> 2.0911243 | E25: =D25*(1+$E$16) -> 2.6139053
A27: Stratigrafia pavimento contro terra | C27: W/mK | D27: mm | E27: W/m2K | F27: m2K/W | H27: kg/m3 | I27: kg/m2
A28: ai | E28: 9.3 | F28: =1/E28 -> 0.10752688
A29: PVC | C29: 0.2 | D29: 3 | E29: =C29/(D29/1000) -> 66.666667 | F29: =1/E29 -> 0.015 | I29: 20
A30: Calcestruzzo armato | C30: 0.85 | D30: 400 | E30: =C30/(D30/1000) -> 2.125 | F30: =1/E30 -> 0.47058824 | H30: 2400 | I30: =H30*D30/1000 -> 960
A31: Aria | C31: 0.026 | D31: 100 | E31: =C31/(D31/1000) -> 0.26 | F31: =1/E31 -> 3.8461538
A33: Stratigrafia copertura
A34: ae | E34: 23.2 | F34: =1/E34 -> 0.043103448
A35: Massetto - Calcestruzzo | C35: 1.1 | D35: 200 | E35: =C35/(D35/1000) -> 5.5 | F35: =1/E35 -> 0.18181818 | H35: 2400 | I35: =H35*D35/1000 -> 480
A36: Pannello isolante in lana minerale | C36: 0.038 | D36: 100 | E36: =C36/(D36/1000) -> 0.38 | F36: =1/E36 -> 2.6315789 | H36: 150 | I36: =H36*D36/1000 -> 15
A37: ai | E37: 9.3 | F37: =1/E37 -> 0.10752688
I38: =SUM(I34:I37) -> 495
A39: Stratigrafia parete interna
A40: ai | E40: 9.3 | F40: =1/E40 -> 0.10752688
A41: Pannello coibentato | C41: 0.045 | D41: 150 | E41: =C41/(D41/1000) -> 0.3 | F41: =1/E41 -> 3.3333333 | H41: 135 | I41: =H41*D41/1000 -> 20.25
A42: ai | E42: 9.3 | F42: =1/E42 -> 0.10752688
I43: =SUM(I40:I42) -> 20.25
A44: Stratigrafia parete esterna 1
A45: ae | E45: 23.2 | F45: =1/E45 -> 0.043103448
A46: Pannello calcestruzzo prefabbricato | C46: 0.06 | D46: 200 | E46: =C46/(D46/1000) -> 0.3 | F46: =1/E46 -> 3.3333333 | H46: 1000 | I46: =H46*D46/1000 -> 200
A47: ai | E47: 9.3 | F47: =1/E47 -> 0.10752688
I48: =SUM(I45:I47) -> 200
A49: Stratigrafia parete esterna 2
A50: ae | E50: 23.2 | F50: =1/E50 -> 0.043103448
A51: Pannello calcestruzzo prefabbricato | C51: 0.06 | D51: 300 | E51: =C51/(D51/1000) -> 0.2 | F51: =1/E51 -> 5 | H51: 1000 | I51: =H51*D51/1000 -> 300
A52: ai | E52: 9.3 | F52: =1/E52 -> 0.10752688
I53: =SUM(I50:I52) -> 300
A54: Stratigrafia solaio interpiano
A55: ai | E55: 9.3 | F55: =1/E55 -> 0.10752688
A56: Massetto - Calcestruzzo | C56: 1.1 | D56: 100 | E56: =C56/(D56/1000) -> 11 | F56: =1/E56 -> 0.090909091 | H56: 2400 | I56: =H56*D56/1000 -> 240
A57: Pannello isolante in lana minerale | C57: 0.038 | D57: 50 | E57: =C57/(D57/1000) -> 0.76 | F57: =1/E57 -> 1.3157895 | H57: 150 | I57: =H57*D57/1000 -> 7.5
A58: ai | E58: 9.3 | F58: =1/E58 -> 0.10752688
I59: =SUM(I56:I58) -> 247.5
A60: Stratigrafia controsoffitto
A61: ai | E61: 9.3 | F61: =1/E61 -> 0.10752688
A62: Pannello controsoffitto in fibra minerale | C62: 0.057 | D62: 15 | E62: =C62/(D62/1000) -> 3.8 | F62: =1/E62 -> 0.26315789 | H62: 250 | I62: =H62*D62/1000 -> 3.75
A63: ai | E63: 9.3 | F63: =1/E63 -> 0.10752688
A65: Irraggiamento superfici vetrate 1 | C65: Dim | D65: N. | E65: mq | F65: Wmax (W/mq) | H65: FCR1 | I65: FCR2 | K65: FCR3 | L65: W (W/mq) | M65: W | N65: Note | O65: DP (°C)
A66: =A4 -> PREDISPOSITION TO DS | B66: NO | E66: =(3.5)*1 -> 3.5 | F66: =360/860*1000 -> 418.60465 | H66: =1+17%-5% -> 1.12 | I66: 0.54 | K66: 0.33 | L66: =F66*H66*I66*K66 -> 83.546791 | M66: =L66*E66 -> 292.41377 | N66: Telaio metallico Vetro doppio Veneziana interna chiara
B67: NE | E67: =(12.5)*1 -> 12.5 | F67: =360/860*1000 -> 418.60465 | H67: =1+17%-5% -> 1.12 | I67: 0.54 | K67: 0.8 | L67: =F67*H67*I67*K67 -> 202.53767 | M67: =L67*E67 -> 2531.7209
A70: Irraggiamento superfici vetrate 1 | C70: Dim | D70: N. | E70: mq | F70: Wmax (W/mq) | H70: FCR1 | I70: FCR2 | K70: FCR3 | L70: W (W/mq) | M70: W | N70: Note | O70: DP (°C)
A71: =A6 -> NO BETA AREA CORRIDOR | B71: NE | E71: =Q6 -> 20 | F71: =360/860*1000 -> 418.60465 | H71: =1+17%-5% -> 1.12 | I71: 0.54 | K71: 0.8 | L71: =F71*H71*I71*K71 -> 202.53767 | M71: =L71*E71 -> 4050.7535 | N71: Telaio metallico Vetro doppio senza schermi
A79: Irraggiamento superfici opache | E79: mq | F79: ΔTeq1 ore 10 | G79: ΔTeq1 ore 13 | H79: ΔTeq1 ore 18 | I79: ΔTeq1 scelti | K79: W1 | L79: ΔTeq2 | M79: °C esc g | N79: ΔTeq3 | O79: ΔTeq | P79: W
A80: =A4 -> PREDISPOSITION TO DS
A81: Copertura | E81: =K4 -> 0 | F81: 0.8 | G81: 12.5 | H81: 23.6 | I81: =H81 -> 23.6 | K81: =$E$19*E81*I81 -> 0 | L81: =I81+($M$4-$C$4)-(34-26) -> 29.6 | M81: 10 | N81: =(11-M81)*0.5+L81 -> 30.1 | O81: =N81 -> 30.1 | P81: =$E$19*E81*O81 -> 0
A82: Pareti N-O | E82: =(5)*3 -> 15 | F82: -1.4 | G82: 3 | H82: 16.4 | I82: =H82 -> 16.4 | K82: =$E$21*E82*I82 -> 88.261541 | L82: =I82+($M$4-$C$4)-(34-26) -> 22.4 | M82: 10 | N82: =(11-M82)*0.5+L82 -> 22.9 | O82: =N82 -> 22.9 | P82: =$E$21*E82*O82 -> 123.24325
A83: Parete N-E | E83: =(14)*3 -> 42 | F83: 13.1 | G83: 8.1 | H83: 7.4 | I83: =H83 -> 7.4 | K83: =$E$21*E83*I83 -> 111.51092 | L83: =I83+($M$4-$C$4)-(34-26) -> 13.4 | M83: 10 | N83: =(11-M83)*0.5+L83 -> 13.9 | O83: =N83 -> 13.9 | P83: =$E$21*E83*O83 -> 209.4597
A84: Pareti S-O | E84: 0 | F84: -0.3 | G84: 4.2 | H84: 19.7 | I84: =H84 -> 19.7 | K84: =$E$21*E84*I84 -> 0 | L84: =I84+($M$4-$C$4)-(34-26) -> 25.7 | M84: 10 | N84: =(11-M84)*0.5+L84 -> 26.2 | O84: =N84 -> 26.2 | P84: =$E$21*E84*O84 -> 0
A85: Parete S-E | E85: 0 | F85: 10.8 | G85: 14.1 | H85: 7.4 | I85: =H85 -> 7.4 | K85: =$E$21*E85*I85 -> 0 | L85: =I85+($M$4-$C$4)-(34-26) -> 13.4 | M85: 10 | N85: =(11-M85)*0.5+L85 -> 13.9 | O85: =N85 -> 13.9 | P85: =$E$21*E85*O85 -> 0
A86: TOT | F86: =$E$21*$E$82*F82+$E$21*$E$83*F83+$E$19*$E$81*F81+$E$21*$E$84*F84+$E$21*$E$85*F85 -> 189.86995 | G86: =$E$21*$E$82*G82+$E$21*$E$83*G83+$E$19*$E$81*G81+$E$21*$E$84*G84+$E$21*$E$85*G85 -> 138.20466 | H86: =$E$21*$E$82*H82+$E$21*$E$83*H83+$E$19*$E$81*H81+$E$21*$E$84*H84+$E$21*$E$85*H85 -> 199.77246 | K86: =SUM(K81:K85) -> 199.77246 | P86: =SUM(P81:P85) -> 332.70295
A88: =A6 -> NO BETA AREA CORRIDOR
A89: Copertura | E89: =K6 -> 0 | F89: 0.8 | G89: 12.5 | H89: 23.6 | I89: =F89 -> 0.8 | K89: =$E$19*E89*I89 -> 0 | L89: =I89+($M$4-$C$4)-(34-26) -> 6.8 | M89: 10 | N89: =(11-M89)*0.5+L89 -> 7.3 | O89: =N89 -> 7.3 | P89: =$E$19*E89*O89 -> 0
A90: Pareti N-O | E90: 0 | F90: -1.4 | G90: 3 | H90: 16.4 | I90: =F90 -> -1.4 | K90: =$E$22*E90*I90 -> 0 | L90: =I90+($M$4-$C$4)-(34-26) -> 4.6 | M90: 10 | N90: =(11-M90)*0.5+L90 -> 5.1 | O90: =N90 -> 5.1 | P90: =$E$21*E90*O90 -> 0
A91: Parete N-E | E91: =N6 -> 78 | F91: 13.1 | G91: 8.1 | H91: 7.4 | I91: =F91 -> 13.1 | K91: =$E$22*E91*I91 -> 247.97936 | L91: =I91+($M$4-$C$4)-(34-26) -> 19.1 | M91: 10 | N91: =(11-M91)*0.5+L91 -> 19.6 | O91: =N91 -> 19.6 | P91: =$E$21*E91*O91 -> 548.51318
A92: Pareti S-O | E92: 0 | F92: -0.3 | G92: 4.2 | H92: 19.7 | I92: =F92 -> -0.3 | K92: =$E$22*E92*I92 -> 0 | L92: =I92+($M$4-$C$4)-(34-26) -> 5.7 | M92: 10 | N92: =(11-M92)*0.5+L92 -> 6.2 | O92: =N92 -> 6.2 | P92: =$E$21*E92*O92 -> 0
A93: Parete S-E | E93: 0 | F93: 10.8 | G93: 14.1 | H93: 7.4 | I93: =F93 -> 10.8 | K93: =$E$22*E93*I93 -> 0 | L93: =I93+($M$4-$C$4)-(34-26) -> 16.8 | M93: 10 | N93: =(11-M93)*0.5+L93 -> 17.3 | O93: =N93 -> 17.3 | P93: =$E$21*E93*O93 -> 0
A94: TOT | F94: =$E$22*$E$90*F90+$E$22*$E$91*F91+$E$19*$E$89*F89+$E$22*$E$92*F92+$E$22*$E$93*F93 -> 247.97936 | G94: =$E$22*$E$90*G90+$E$22*$E$91*G91+$E$19*$E$89*G89+$E$22*$E$92*G92+$E$22*$E$93*G93 -> 153.33075 | H94: =$E$22*$E$90*H90+$E$22*$E$91*H91+$E$19*$E$89*H89+$E$22*$E$92*H92+$E$22*$E$93*H93 -> 140.07994 | K94: =SUM(K89:K93) -> 247.97936 | P94: =SUM(P89:P93) -> 548.51318

Sheet Carichi t. LBW(NO PLOT)
A1: Locale | C1: ESTATE
C2: Ti (°C) | D2: Pavimento contro terra | G2: Solaio interpiano con locali non condizionati | J2: Copertura | M2: Pareti Esterne | P2: Vetrate Esterne | S2: Pareti su locali non condizionati | V2: Contrib. irragg.copertura | W2: Irragg. sup vetrate | X2: Contrib. irragg.pareti | Y2: Fatt correttivo altezza | Z2: Q TOT (kW)
A3: Descrizione | B3: Codice | D3: T (°C) | E3: Superficie (m2) | F3: Q (W) | G3: T (°C) | H3: Superficie (m2) | I3: Q (W) | J3: T (°C) | K3: Superficie (m2) | L3: Q (W) | M3: T (°C) | N3: Superficie (m2) | O3: Q (W) | P3: T (°C) | Q3: Superficie (m2) | R3: Q (W) | S3: T (°C) | T3: Superficie (m2) | U3: Q (W) | V3: Q (W) | W3: Q (W) | X3: Q (W) | AA3: W/mc
A4: ='Design Criteria'!D10 -> ENTRANCE | B4: ='Design Criteria'!C10 -> A001 | C4: ='Design Criteria'!M10 -> 22 | D4: 15 | E4: ='Design Criteria'!J10 -> 18.51 | F4: 0 | G4: 30 | H4: 0 | I4: =$E$31*H4*(-C4+G4) -> 0 | J4: ='Design Criteria'!$M$46 -> 36 | K4: 0 | L4: =$E$27*K4*(-C4+J4) -> 0 | M4: ='Design Criteria'!$M$46 -> 36 | N4: =(1.5)*5.5 -> 8.25 | O4: =$E$29*N4*(M4-C4) -> 28.03055 | P4: ='Design Criteria'!$M$46 -> 36 | Q4: 0 | R4: =$E$30*Q4*(P4-C4) -> 0 | S4: 5 | T4: =(11.5)*4.8 -> 55.2 | U4: 0 | V4: =MAX(SUM(P85)-L4,0) -> 0 | W4: =SUM(M69:M69) -> 35.646631 | X4: =MAX(SUM(P86:P89)-O4,0) -> 11.21222 | Y4: 1 | Z4: =(F4+I4+O4+R4+U4+L4+V4+W4+X4)*Y4/1000 -> 0.0748894 | AA4: =(Z4)/'Design Criteria'!$L$10*1000 -> 0.77805553
A5: ='Design Criteria'!D11 -> HANDLING AREA | B5: ='Design Criteria'!C11 -> A002 | C5: ='Design Criteria'!M11 -> 22 | D5: 15 | E5: ='Design Criteria'!J11 -> 366.14 | F5: 0 | G5: 30 | H5: =E5 -> 366.14 | I5: =$E$31*H5*(-C5+G5) -> 2257.6814 | J5: ='Design Criteria'!$M$46 -> 36 | K5: 0 | L5: =$E$27*K5*(-C5+J5) -> 0 | M5: ='Design Criteria'!$M$46 -> 36 | N5: =(23)*5.5+(3.5+6)*5.5+(3.5)*5.5 -> 198 | O5: =$E$29*N5*(M5-C5) -> 672.7332 | P5: ='Design Criteria'!$M$46 -> 36 | Q5: =2.5*1.5+3.5*1.5+1.2*1.2 -> 10.44 | R5: =$E$30*Q5*(P5-C5) -> 365.4 | S5: 5 | T5: =(8.1+6.5)*4.8+(4.5)*4.8 -> 91.68 | U5: 0 | V5: =MAX(SUM(P77)-L5,0) -> 0 | W5: =SUM(M68:M69) -> 1655.948 | X5: =MAX(SUM(P78:P81)-O5,0) -> 343.57445 | Y5: 1 | Z5: =(F5+I5+O5+R5+U5+L5+V5+W5+X5)*Y5/1000 -> 5.295337 | AA5: =(Z5)/'Design Criteria'!$L$11*1000 -> 2.7812696
A6: ='Design Criteria'!D13 -> AIRLOCK VT | B6: ='Design Criteria'!C13 -> A102 | C6: ='Design Criteria'!M13 -> 22 | D6: 15 | E6: 0 | F6: 0 | G6: 30 | H6: ='Design Criteria'!J13 -> 5.9 | I6: =$E$32*H6*(-C6+G6) -> 123.37633 | J6: ='Design Criteria'!$M$46 -> 36 | K6: 0 | L6: =$E$27*K6*(-C6+J6) -> 0 | M6: ='Design Criteria'!$M$46 -> 36 | N6: =(2.8)*2.7 -> 7.56 | O6: =$E$29*N6*(M6-C6) -> 25.686177 | P6: ='Design Criteria'!$M$46 -> 36 | Q6: 0 | R6: =$E$30*Q6*(P6-C6) -> 0 | S6: 30 | T6: =2.2*2.7 -> 5.94 | U6: =$E$28*T6*(S6-C6) -> 16.74 | V6: =MAX(SUM(P93)-L6,0) -> 0 | W6: =SUM(M70:M70) -> 0 | X6: =MAX(SUM(P94:P97)-O6,0) -> 10.274471 | Y6: 1 | Z6: =(F6+I6+O6+R6+U6+L6+V6+W6+X6)*Y6/1000 -> 0.17607698 | AA6: =(Z6)/'Design Criteria'!$L$13*1000 -> 11.053169
A7: ='Design Criteria'!D14 -> CORRIDOR | B7: ='Design Criteria'!C14 -> A103 | C7: ='Design Criteria'!M14 -> 22 | D7: 15 | E7: 0 | F7: 0 | G7: 30 | H7: ='Design Criteria'!J14 -> 23.36 | I7: =$E$32*H7*(-C7+G7) -> 488.48663 | J7: ='Design Criteria'!$M$46 -> 36 | K7: 0 | L7: =$E$27*K7*(-C7+J7) -> 0 | M7: ='Design Criteria'!$M$46 -> 36 | N7: =(1.5)*2.7 -> 4.05 | O7: =$E$29*N7*(M7-C7) -> 13.760452 | P7: ='Design Criteria'!$M$46 -> 36 | Q7: =1.2*1.2 -> 1.44 | R7: =$E$30*Q7*(P7-C7) -> 50.4 | S7: 30 | T7: =1.5*2.7 -> 4.05 | U7: =$E$28*T7*(S7-C7) -> 11.413636 | V7: =MAX(SUM(P101)-L7,0) -> 0 | W7: =SUM(M71:M71) -> 259.24822 | X7: =MAX(SUM(P102:P105)-O7,0) -> 5.5041807 | Y7: 1 | Z7: =(F7+I7+O7+R7+U7+L7+V7+W7+X7)*Y7/1000 -> 0.82881312 | AA7: =(Z7)/'Design Criteria'!$L$14*1000 -> 13.140746
A8: ='Design Criteria'!D22 -> FEMALE WC | B8: ='Design Criteria'!C22 -> A106 | C8: ='Design Criteria'!M22 -> 22 | D8: 15 | E8: 0 | F8: 0 | G8: 30 | H8: ='Design Criteria'!J22 -> 23 | I8: =$E$32*H8*(-C8+G8) -> 480.95858 | J8: ='Design Criteria'!$M$46 -> 36 | K8: 0 | L8: =$E$27*K8*(-C8+J8) -> 0 | M8: ='Design Criteria'!$M$46 -> 36 | N8: 0 | O8: =$E$29*N8*(M8-C8) -> 0 | P8: ='Design Criteria'!$M$46 -> 36 | Q8: 0 | R8: =$E$30*Q8*(P8-C8) -> 0 | S8: 30 | T8: =(3.2)*2.7 -> 8.64 | U8: =$E$28*T8*(S8-C8) -> 24.349091 | V8: 0 | W8: 0 | X8: 0 | Y8: 1 | Z8: =(F8+I8+O8+R8+U8+L8+V8+W8+X8)*Y8/1000 -> 0.50530767 | AA8: =(Z8)/'Design Criteria'!$L$22*1000 -> 8.1369995
A9: ='Design Criteria'!D23 -> FEMALE CHANGING ROOM | B9: ='Design Criteria'!C23 -> A107 | C9: ='Design Criteria'!M23 -> 22 | D9: 15 | E9: 0 | F9: 0 | G9: 30 | H9: ='Design Criteria'!J23 -> 26 | I9: =$E$32*H9*(-C9+G9) -> 543.69231 | J9: ='Design Criteria'!$M$46 -> 36 | K9: 0 | L9: =$E$27*K9*(-C9+J9) -> 0 | M9: ='Design Criteria'!$M$46 -> 36 | N9: 0 | O9: =$E$29*N9*(M9-C9) -> 0 | P9: ='Design Criteria'!$M$46 -> 36 | Q9: 0 | R9: =$E$30*Q9*(P9-C9) -> 0 | S9: 30 | T9: =(3.8)*2.7 -> 10.26 | U9: =$E$28*T9*(S9-C9) -> 28.914545 | V9: 0 | W9: 0 | X9: 0 | Y9: 1 | Z9: =(F9+I9+O9+R9+U9+L9+V9+W9+X9)*Y9/1000 -> 0.57260685 | AA9: =(Z9)/'Design Criteria'!$L$23*1000 -> 8.1567928
A11: ='Design Criteria'!D38 -> ELECTRIC ROOM | B11: ='Design Criteria'!C38 -> E102 | C11: ='Design Criteria'!M38 -> 22 | D11: 15 | E11: 0 | F11: 0 | G11: 30 | H11: 0 | I11: =$E$32*H11*(-C11+G11) -> 0 | J11: ='Design Criteria'!$M$46 -> 36 | K11: ='Design Criteria'!J38 -> 27 | L11: =$E$27*K11*(-C11+J11) -> 159.41148 | M11: ='Design Criteria'!$M$46 -> 36 | N11: 0 | O11: =$E$29*N11*(M11-C11) -> 0 | P11: ='Design Criteria'!$M$46 -> 36 | Q11: 0 | R11: =$E$30*Q11*(P11-C11) -> 0 | S11: 30 | T11: =(13)*4.9 -> 63.7 | U11: =$E$28*T11*(S11-C11) -> 179.51818 | V11: =MAX(SUM(P111)-L11,0) -> 183.3232 | W11: 0 | X11: =MAX(SUM(P112:P115)-O11,0) -> 0 | Y11: 1 | Z11: =(F11+I11+O11+R11+U11+L11+V11+W11+X11)*Y11/1000 -> 0.52225286 | AA11: =(Z11)/(K11*4.9)*1000 -> 3.9474895
A12: Locale | C12: INVERNO
C13: Ti (°C) | D13: Pavimento contro terra | G13: Solaio interpiano | J13: Copertura | M13: Pareti Esterne | P13: Vetrate Esterne | S13: Pareti su locali non condizionati | V13: Contrib. irragg.copertura | W13: Irragg. sup vetrate | X13: Contrib. irragg.pareti | Y13: Fatt correttivo altezza | Z13: Q TOT (kW) | AB13: Q TOT con aria da magazzino refrigerato(kW)
A14: Descrizione | B14: Codice | D14: T (°C) | E14: Superficie (m2) | F14: Q (W) | G14: T (°C) | H14: Superficie (m2) | I14: Q (W) | J14: T (°C) | K14: Superficie (m2) | L14: Q (W) | M14: T (°C) | N14: Superficie (m2) | O14: Q (W) | P14: T (°C) | Q14: Superficie (m2) | R14: Q (W) | S14: T (°C) | T14: Superficie (m2) | U14: Q (W) | V14: Q (W) | W14: Q (W) | X14: Q (W) | AA14: W/mc | AC14: W/mc
A15: =A4 -> ENTRANCE | B15: =B4 -> A001 | C15: ='Design Criteria'!Q10 -> 22 | D15: 10 | E15: =E4 -> 18.51 | F15: =-$E$26*E15*(D15-C15) -> 82.244234 | G15: 10 | H15: =H4 -> 0 | I15: =$E$31*H15*(C15-G15) -> 0 | J15: ='Design Criteria'!$Q$46 -> -5 | K15: =K4 -> 0 | L15: =$E$27*K15*(C15-J15) -> 0 | M15: ='Design Criteria'!$Q$46 -> -5 | N15: =N4 -> 8.25 | O15: =-$E$29*N15*(M15-C15) -> 54.058917 | P15: ='Design Criteria'!$Q$46 -> -5 | Q15: =Q4 -> 0 | R15: =$E$30*Q15*(-P15+C15) -> 0 | S15: =S4 -> 5 | T15: =T4 -> 55.2 | U15: =-$E$28*T15*(S15-C15) -> 330.57273 | V15: 0 | W15: 0 | X15: 0 | Y15: 1.21 | Z15: =(F15+I15+O15+R15+U15+L15+V15+W15+X15)*Y15/1000 -> 0.56491981 | AA15: =(Z15)/'Design Criteria'!$L$10*1000 -> 5.8691748 | AB15: =Z15 -> 0.56491981 | AC15: =(AB15)/'Design Criteria'!$L$10*1000 -> 5.8691748
A16: =A5 -> HANDLING AREA | B16: =B5 -> A002 | C16: ='Design Criteria'!Q11 -> 22 | D16: 10 | E16: =E5 -> 366.14 | F16: =-$E$26*E16*(D16-C16) -> 1626.8452 | G16: 10 | H16: =H5 -> 366.14 | I16: =$E$31*H16*(C16-G16) -> 3386.522 | J16: ='Design Criteria'!$Q$46 -> -5 | K16: =K5 -> 0 | L16: =$E$27*K16*(C16-J16) -> 0 | M16: ='Design Criteria'!$Q$46 -> -5 | N16: =N5 -> 198 | O16: =-$E$29*N16*(M16-C16) -> 1297.414 | P16: ='Design Criteria'!$Q$46 -> -5 | Q16: =Q5 -> 10.44 | R16: =$E$30*Q16*(-P16+C16) -> 704.7 | S16: =S5 -> 5 | T16: =T5 -> 91.68 | U16: =-$E$28*T16*(S16-C16) -> 549.03818 | V16: 0 | W16: 0 | X16: 0 | Y16: 1.21 | Z16: =(F16+I16+O16+R16+U16+L16+V16+W16+X16)*Y16/1000 -> 9.1530685 | AA16: =(Z16)/'Design Criteria'!$L$11*1000 -> 4.8074657 | AB16: =Z16+B125/1000 -> 12.355394 | AC16: =(AB16)/'Design Criteria'!$L$11*1000 -> 6.4894229
A17: =A6 -> AIRLOCK VT | B17: =B6 -> A102 | C17: ='Design Criteria'!Q13 -> 22 | D17: 10 | E17: =E6 -> 0 | F17: =-$E$26*E17*(D17-C17) -> 0 | G17: 10 | H17: =H6 -> 5.9 | I17: =$E$32*H17*(C17-G17) -> 185.0645 | J17: ='Design Criteria'!$Q$46 -> -5 | K17: =K6 -> 0 | L17: =$E$27*K17*(C17-J17) -> 0 | M17: ='Design Criteria'!$Q$46 -> -5 | N17: =N6 -> 7.56 | O17: =-$E$29*N17*(M17-C17) -> 49.537626 | P17: ='Design Criteria'!$Q$46 -> -5 | Q17: =Q6 -> 0 | R17: =$E$30*Q17*(-P17+C17) -> 0 | S17: 10 | T17: =T6 -> 5.94 | U17: =-$E$28*T17*(S17-C17) -> 25.11 | V17: 0 | W17: 0 | X17: 0 | Y17: 1 | Z17: =(F17+I17+O17+R17+U17+L17+V17+W17+X17)*Y17/1000 -> 0.25971212 | AA17: =(Z17)/'Design Criteria'!$L$13*1000 -> 16.303335 | AB17: =Z17 -> 0.25971212 | AC17: =(AB17)/'Design Criteria'!$L$13*1000 -> 16.303335
A18: =A7 -> CORRIDOR | B18: =B7 -> A103 | C18: ='Design Criteria'!Q14 -> 22 | D18: 10 | E18: =E7 -> 0 | F18: =-$E$26*E18*(D18-C18) -> 0 | G18: 10 | H18: =H7 -> 23.36 | I18: =$E$32*H18*(C18-G18) -> 732.72994 | J18: ='Design Criteria'!$Q$46 -> -5 | K18: =K7 -> 0 | L18: =$E$27*K18*(C18-J18) -> 0 | M18: ='Design Criteria'!$Q$46 -> -5 | N18: =N7 -> 4.05 | O18: =-$E$29*N18*(M18-C18) -> 26.538014 | P18: ='Design Criteria'!$Q$46 -> -5 | Q18: =Q7 -> 1.44 | R18: =$E$30*Q18*(-P18+C18) -> 97.2 | S18: 10 | T18: =T7 -> 4.05 | U18: =-$E$28*T18*(S18-C18) -> 17.120455 | V18: 0 | W18: 0 | X18: 0 | Y18: 1 | Z18: =(F18+I18+O18+R18+U18+L18+V18+W18+X18)*Y18/1000 -> 0.87358841 | AA18: =(Z18)/'Design Criteria'!$L$14*1000 -> 13.850653 | AB18: =Z18 -> 0.87358841 | AC18: =(AB18)/'Design Criteria'!$L$14*1000 -> 13.850653
A19: =A8 -> FEMALE WC | B19: =B8 -> A106 | C19: ='Design Criteria'!Q22 -> 22 | D19: 10 | E19: =E8 -> 0 | F19: =-$E$26*E19*(D19-C19) -> 0 | G19: 10 | H19: =H8 -> 23 | I19: =$E$32*H19*(C19-G19) -> 721.43787 | J19: ='Design Criteria'!$Q$46 -> -5 | K19: =K8 -> 0 | L19: =$E$27*K19*(C19-J19) -> 0 | M19: ='Design Criteria'!$Q$46 -> -5 | N19: =N8 -> 0 | O19: =-$E$29*N19*(M19-C19) -> 0 | P19: ='Design Criteria'!$Q$46 -> -5 | Q19: =Q8 -> 0 | R19: =$E$30*Q19*(-P19+C19) -> 0 | S19: 10 | T19: =T8 -> 8.64 | U19: =-$E$28*T19*(S19-C19) -> 36.523636 | V19: 0 | W19: 0 | X19: 0 | Y19: 1 | Z19: =(F19+I19+O19+R19+U19+L19+V19+W19+X19)*Y19/1000 -> 0.75796151 | AA19: =(Z19)/'Design Criteria'!$L$22*1000 -> 12.205499 | AB19: =Z19 -> 0.75796151 | AC19: =(AB19)/'Design Criteria'!$L$22*1000 -> 12.205499
A20: =A9 -> FEMALE CHANGING ROOM | B20: =B9 -> A107 | C20: ='Design Criteria'!Q23 -> 22 | D20: 10 | E20: =E9 -> 0 | F20: =-$E$26*E20*(D20-C20) -> 0 | G20: 10 | H20: =H9 -> 26 | I20: =$E$32*H20*(C20-G20) -> 815.53846 | J20: ='Design Criteria'!$Q$46 -> -5 | K20: =K9 -> 0 | L20: =$E$27*K20*(C20-J20) -> 0 | M20: ='Design Criteria'!$Q$46 -> -5 | N20: =N9 -> 0 | O20: =-$E$29*N20*(M20-C20) -> 0 | P20: ='Design Criteria'!$Q$46 -> -5 | Q20: =Q9 -> 0 | R20: =$E$30*Q20*(-P20+C20) -> 0 | S20: 10 | T20: =T9 -> 10.26 | U20: =-$E$28*T20*(S20-C20) -> 43.371818 | V20: 0 | W20: 0 | X20: 0 | Y20: 1 | Z20: =(F20+I20+O20+R20+U20+L20+V20+W20+X20)*Y20/1000 -> 0.85891028 | AA20: =(Z20)/'Design Criteria'!$L$23*1000 -> 12.235189 | AB20: =Z20 -> 0.85891028 | AC20: =(AB20)/'Design Criteria'!$L$23*1000 -> 12.235189
A22: =A11 -> ELECTRIC ROOM | B22: =B11 -> E102 | C22: ='Design Criteria'!Q38 -> 22 | D22: 10 | E22: =E11 -> 0 | F22: =-$E$26*E22*(D22-C22) -> 0 | G22: 10 | H22: =H11 -> 0 | I22: =$E$32*H22*(C22-G22) -> 0 | J22: ='Design Criteria'!$Q$46 -> -5 | K22: =K11 -> 27 | L22: =$E$27*K22*(C22-J22) -> 307.43642 | M22: ='Design Criteria'!$Q$46 -> -5 | N22: =N11 -> 0 | O22: =-$E$29*N22*(M22-C22) -> 0 | P22: ='Design Criteria'!$Q$46 -> -5 | Q22: =Q11 -> 0 | R22: =$E$30*Q22*(-P22+C22) -> 0 | S22: 10 | T22: =T11 -> 63.7 | U22: =-$E$28*T22*(S22-C22) -> 269.27727 | V22: 0 | W22: 0 | X22: 0 | Y22: 1.21 | Z22: =(F22+I22+O22+R22+U22+L22+V22+W22+X22)*Y22/1000 -> 0.69782357 | AA22: =(Z22)/(K22*4.9)*1000 -> 5.2745546 | AB22: =Z22 -> 0.69782357 | AC22: =AA22 -> 5.2745546
D24: sovradimensionamento | E24: 0.25
D25: calc | E25: scelto
A26: U pavimento (W/m2 K) | D26: =SUM(F35:F38)^-1 -> 0.2962155 | E26: =D26*(1+$E$24) -> 0.37026938
A27: U copertura (W/m2 K) | D27: =SUM(F41:F44)^-1 -> 0.33737879 | E27: =D27*(1+$E$24) -> 0.42172349
A28: U parete interna (W/m2 K) | D28: =SUM(F47:F49)^-1 -> 0.28181818 | E28: =D28*(1+$E$24) -> 0.35227273
A29: U parete esterna (W/m2 K) | D29: =SUM(F52:F54)^-1 -> 0.19415099 | E29: =D29*(1+$E$24) -> 0.24268874
A30: U vetrata esterna (W/m2 K) | D30: 2 | E30: =D30*(1+$E$24) -> 2.5
A31: Solaio interpiano (W/m2 K) | D31: =SUM(F57:F60)^-1 -> 0.61661697 | E31: =D31*(1+$E$24) -> 0.77077121
A32: Controsoffitto (W/m2 K) | D32: =SUM(F63:F65)^-1 -> 2.0911243 | E32: =D32*(1+$E$24) -> 2.6139053
A34: Stratigrafia pavimento contro terra | C34: W/mK | D34: mm | E34: W/m2K | F34: m2K/W | H34: kg/m3 | I34: kg/m2
A35: ai | E35: 9.3 | F35: =1/E35 -> 0.10752688
A36: PVC | C36: 0.2 | D36: 3 | E36: =C36/(D36/1000) -> 66.666667 | F36: =1/E36 -> 0.015 | I36: 20
A37: Calcestruzzo armato | C37: 0.85 | D37: 150 | E37: =C37/(D37/1000) -> 5.6666667 | F37: =1/E37 -> 0.17647059 | H37: 2400 | I37: =H37*D37/1000 -> 360
A38: Aria | C38: 0.026 | D38: 80 | E38: =C38/(D38/1000) -> 0.325 | F38: =1/E38 -> 3.0769231
A40: Stratigrafia copertura
A41: ae | E41: 23.2 | F41: =1/E41 -> 0.043103448
A42: Massetto - Calcestruzzo | C42: 1.1 | D42: 200 | E42: =C42/(D42/1000) -> 5.5 | F42: =1/E42 -> 0.18181818 | H42: 2400 | I42: =H42*D42/1000 -> 480
A43: Pannello isolante in lana minerale | C43: 0.038 | D43: 100 | E43: =C43/(D43/1000) -> 0.38 | F43: =1/E43 -> 2.6315789 | H43: 150 | I43: =H43*D43/1000 -> 15
A44: ai | E44: 9.3 | F44: =1/E44 -> 0.10752688
I45: =SUM(I41:I44) -> 495
A46: Stratigrafia parete interna
A47: ai | E47: 9.3 | F47: =1/E47 -> 0.10752688
A48: Pannello coibentato | C48: 0.045 | D48: 150 | E48: =C48/(D48/1000) -> 0.3 | F48: =1/E48 -> 3.3333333 | H48: 135 | I48: =H48*D48/1000 -> 20.25
A49: ai | E49: 9.3 | F49: =1/E49 -> 0.10752688
I50: =SUM(I47:I49) -> 20.25
A51: Stratigrafia parete esterna
A52: ae | E52: 23.2 | F52: =1/E52 -> 0.043103448
A53: Pannello calcestruzzo prefabbricato | C53: 0.06 | D53: 300 | E53: =C53/(D53/1000) -> 0.2 | F53: =1/E53 -> 5 | H53: 1000 | I53: =H53*D53/1000 -> 300
A54: ai | E54: 9.3 | F54: =1/E54 -> 0.10752688
I55: =SUM(I52:I54) -> 300
A56: Stratigrafia solaio interpiano
A57: ai | E57: 9.3 | F57: =1/E57 -> 0.10752688
A58: Massetto - Calcestruzzo | C58: 1.1 | D58: 100 | E58: =C58/(D58/1000) -> 11 | F58: =1/E58 -> 0.090909091 | H58: 2400 | I58: =H58*D58/1000 -> 240
A59: Pannello isolante in lana minerale | C59: 0.038 | D59: 50 | E59: =C59/(D59/1000) -> 0.76 | F59: =1/E59 -> 1.3157895 | H59: 150 | I59: =H59*D59/1000 -> 7.5
A60: ai | E60: 9.3 | F60: =1/E60 -> 0.10752688
I61: =SUM(I58:I60) -> 247.5
A62: Stratigrafia controsoffitto
A63: ai | E63: 9.3 | F63: =1/E63 -> 0.10752688
A64: Pannello controsoffitto in fibra minerale | C64: 0.057 | D64: 15 | E64: =C64/(D64/1000) -> 3.8 | F64: =1/E64 -> 0.26315789 | H64: 250 | I64: =H64*D64/1000 -> 3.75
A65: ai | E65: 9.3 | F65: =1/E65 -> 0.10752688
A67: Irraggiamento superfici vetrate | C67: Dim | D67: N. | E67: mq | F67: Wmax (W/mq) | H67: FCR1 | I67: FCR2 | K67: FCR3 | L67: W (W/mq) | M67: W | N67: Note | O67: DP (°C)
A68: =A5 -> HANDLING AREA | B68: NO | E68: =Q5-1.44 -> 9 | F68: =360/860*1000 -> 418.60465 | H68: =1+17%-5% -> 1.12 | I68: 0.48 | K68: 0.8 | L68: =F68*H68*I68*K68 -> 180.03349 | M68: =L68*E68 -> 1620.3014 | N68: Telaio metallico Vetro triplo Veneziana interna chiara
B69: NE | E69: 1.44 | F69: =360/860*1000 -> 418.60465 | H69: =1+17%-5% -> 1.12 | I69: 0.48 | K69: 0.11 | L69: =F69*H69*I69*K69 -> 24.754605 | M69: =L69*E69 -> 35.646631
A70: =A6 -> AIRLOCK VT
A71: =A7 -> CORRIDOR | B71: NE | E71: =Q7 -> 1.44 | F71: =360/860*1000 -> 418.60465 | H71: =1+17%-5% -> 1.12 | I71: 0.48 | K71: 0.8 | L71: =F71*H71*I71*K71 -> 180.03349 | M71: =L71*E71 -> 259.24822
A75: Irraggiamento superfici opache | E75: mq | F75: ΔTeq1 ore 10 | G75: ΔTeq1 ore 13 | H75: ΔTeq1 ore 18 | I75: ΔTeq1 scelti | K75: W1 | L75: ΔTeq2 | M75: °C esc g | N75: ΔTeq3 | O75: ΔTeq | P75: W
A76: =A5 -> HANDLING AREA
A77: Copertura | E77: =K5 -> 0 | F77: 0.8 | G77: 12.5 | H77: 23.6 | I77: =H77 -> 23.6 | K77: =$E$27*E77*I77 -> 0 | L77: =I77+($M$5-$C$5)-(34-26) -> 29.6 | M77: 10 | N77: =(11-M77)*0.5+L77 -> 30.1 | O77: =N77 -> 30.1 | P77: =$E$27*E77*O77 -> 0
A78: Pareti N-O | E78: =(23)*5.5+6*5.5 -> 159.5 | F78: -1.4 | G78: 3 | H78: 16.4 | I78: =H78 -> 16.4 | K78: =$E$29*E78*I78 -> 634.82521 | L78: =I78+($M$5-$C$5)-(34-26) -> 22.4 | M78: 10 | N78: =(11-M78)*0.5+L78 -> 22.9 | O78: =N78 -> 22.9 | P78: =$E$29*E78*O78 -> 886.43277
A79: Parete N-E | E79: =(3.5)*5.5+(3.5)*5.5 -> 38.5 | F79: 13.1 | G79: 8.1 | H79: 7.4 | I79: =H79 -> 7.4 | K79: =$E$29*E79*I79 -> 69.142023 | L79: =I79+($M$5-$C$5)-(34-26) -> 13.4 | M79: 10 | N79: =(11-M79)*0.5+L79 -> 13.9 | O79: =N79 -> 13.9 | P79: =$E$29*E79*O79 -> 129.87488
A80: Pareti S-O | E80: 0 | F80: -0.3 | G80: 4.2 | H80: 19.7 | I80: =H80 -> 19.7 | K80: =$E$29*E80*I80 -> 0 | L80: =I80+($M$5-$C$5)-(34-26) -> 25.7 | M80: 10 | N80: =(11-M80)*0.5+L80 -> 26.2 | O80: =N80 -> 26.2 | P80: =$E$29*E80*O80 -> 0
A81: Parete S-E | E81: 0 | F81: 10.8 | G81: 14.1 | H81: 7.4 | I81: =H81 -> 7.4 | K81: =$E$29*E81*I81 -> 0 | L81: =I81+($M$5-$C$5)-(34-26) -> 13.4 | M81: 10 | N81: =(11-M81)*0.5+L81 -> 13.9 | O81: =N81 -> 13.9 | P81: =$E$29*E81*O81 -> 0
A82: TOT | F82: =$E$29*$E$78*F78+$E$29*$E$79*F79+$E$27*$E$77*F77+$E$29*$E$80*F80+$E$29*$E$81*F81 -> 68.207671 | G82: =$E$29*$E$78*G78+$E$29*$E$79*G79+$E$27*$E$77*G77+$E$29*$E$80*G80+$E$29*$E$81*G81 -> 191.80905 | H82: =$E$29*$E$78*H78+$E$29*$E$79*H79+$E$27*$E$77*H77+$E$29*$E$80*H80+$E$29*$E$81*H81 -> 703.96724 | K82: =SUM(K77:K81) -> 703.96724 | P82: =SUM(P77:P81) -> 1016.3076
A84: =A4 -> ENTRANCE
A85: Copertura | E85: =K4 -> 0 | F85: 0.8 | G85: 12.5 | H85: 23.6 | I85: =F85 -> 0.8 | K85: =$E$27*E85*I85 -> 0 | L85: =I85+($M$4-$C$4)-(34-26) -> 6.8 | M85: 10 | N85: =(11-M85)*0.5+L85 -> 7.3 | O85: =N85 -> 7.3 | P85: =$E$27*E85*O85 -> 0
A86: Pareti N-O | E86: 0 | F86: -1.4 | G86: 3 | H86: 16.4 | I86: =F86 -> -1.4 | K86: =$E$29*E86*I86 -> 0 | L86: =I86+($M$4-$C$4)-(34-26) -> 4.6 | M86: 10 | N86: =(11-M86)*0.5+L86 -> 5.1 | O86: =N86 -> 5.1 | P86: =$E$29*E86*O86 -> 0
A87: Parete N-E | E87: =N4 -> 8.25 | F87: 13.1 | G87: 8.1 | H87: 7.4 | I87: =F87 -> 13.1 | K87: =$E$29*E87*I87 -> 26.228586 | L87: =I87+($M$4-$C$4)-(34-26) -> 19.1 | M87: 10 | N87: =(11-M87)*0.5+L87 -> 19.6 | O87: =N87 -> 19.6 | P87: =$E$29*E87*O87 -> 39.24277
A88: Pareti S-O | E88: 0 | F88: -0.3 | G88: 4.2 | H88: 19.7 | I88: =F88 -> -0.3 | K88: =$E$29*E88*I88 -> 0 | L88: =I88+($M$4-$C$4)-(34-26) -> 5.7 | M88: 10 | N88: =(11-M88)*0.5+L88 -> 6.2 | O88: =N88 -> 6.2 | P88: =$E$29*E88*O88 -> 0
A89: Parete S-E | E89: 0 | F89: 10.8 | G89: 14.1 | H89: 7.4 | I89: =F89 -> 10.8 | K89: =$E$29*E89*I89 -> 0 | L89: =I89+($M$4-$C$4)-(34-26) -> 16.8 | M89: 10 | N89: =(11-M89)*0.5+L89 -> 17.3 | O89: =N89 -> 17.3 | P89: =$E$29*E89*O89 -> 0
A90: TOT | F90: =$E$29*$E$86*F86+$E$29*$E$87*F87+$E$27*$E$85*F85+$E$29*$E$88*F88+$E$29*$E$89*F89 -> 26.228586 | G90: =$E$29*$E$86*G86+$E$29*$E$87*G87+$E$27*$E$85*G85+$E$29*$E$88*G88+$E$29*$E$89*G89 -> 16.217675 | H90: =$E$29*$E$86*H86+$E$29*$E$87*H87+$E$27*$E$85*H85+$E$29*$E$88*H88+$E$29*$E$89*H89 -> 14.816148 | K90: =SUM(K85:K89) -> 26.228586 | P90: =SUM(P85:P89) -> 39.24277
A92: =A6 -> AIRLOCK VT
A93: Copertura | E93: =K6 -> 0 | F93: 0.8 | G93: 12.5 | H93: 23.6 | I93: =F93 -> 0.8 | K93: =$E$27*E93*I93 -> 0 | L93: =I93+($M$6-$C$6)-(34-26) -> 6.8 | M93: 10 | N93: =(11-M93)*0.5+L93 -> 7.3 | O93: =N93 -> 7.3 | P93: =$E$27*E93*O93 -> 0
A94: Pareti N-O | E94: 0 | F94: -1.4 | G94: 3 | H94: 16.4 | I94: =F94 -> -1.4 | K94: =$E$29*E94*I94 -> 0 | L94: =I94+($M$6-$C$6)-(34-26) -> 4.6 | M94: 10 | N94: =(11-M94)*0.5+L94 -> 5.1 | O94: =N94 -> 5.1 | P94: =$E$29*E94*O94 -> 0
A95: Parete N-E | E95: =N6 -> 7.56 | F95: 13.1 | G95: 8.1 | H95: 7.4 | I95: =F95 -> 13.1 | K95: =$E$29*E95*I95 -> 24.034922 | L95: =I95+($M$6-$C$6)-(34-26) -> 19.1 | M95: 10 | N95: =(11-M95)*0.5+L95 -> 19.6 | O95: =N95 -> 19.6 | P95: =$E$29*E95*O95 -> 35.960647
A96: Pareti S-O | E96: 0 | F96: -0.3 | G96: 4.2 | H96: 19.7 | I96: =F96 -> -0.3 | K96: =$E$29*E96*I96 -> 0 | L96: =I96+($M$6-$C$6)-(34-26) -> 5.7 | M96: 10 | N96: =(11-M96)*0.5+L96 -> 6.2 | O96: =N96 -> 6.2 | P96: =$E$29*E96*O96 -> 0
A97: Parete S-E | E97: 0 | F97: 10.8 | G97: 14.1 | H97: 7.4 | I97: =F97 -> 10.8 | K97: =$E$29*E97*I97 -> 0 | L97: =I97+($M$6-$C$6)-(34-26) -> 16.8 | M97: 10 | N97: =(11-M97)*0.5+L97 -> 17.3 | O97: =N97 -> 17.3 | P97: =$E$29*E97*O97 -> 0
A98: TOT | F98: =$E$29*$E$94*F94+$E$29*$E$95*F95+$E$27*$E$93*F93+$E$29*$E$96*F96+$E$29*$E$97*F97 -> 24.034922 | G98: =$E$29*$E$94*G94+$E$29*$E$95*G95+$E$27*$E$93*G93+$E$29*$E$96*G96+$E$29*$E$97*G97 -> 14.861288 | H98: =$E$29*$E$94*H94+$E$29*$E$95*H95+$E$27*$E$93*H93+$E$29*$E$96*H96+$E$29*$E$97*H97 -> 13.576979 | K98: =SUM(K93:K97) -> 24.034922 | P98: =SUM(P93:P97) -> 35.960647
A100: =A7 -> CORRIDOR
A101: Copertura | E101: =K7 -> 0 | F101: 0.8 | G101: 12.5 | H101: 23.6 | I101: =F101 -> 0.8 | K101: =$E$27*E101*I101 -> 0 | L101: =I101+($M$7-$C$7)-(34-26) -> 6.8 | M101: 10 | N101: =(11-M101)*0.5+L101 -> 7.3 | O101: =N101 -> 7.3 | P101: =$E$27*E101*O101 -> 0
A102: Pareti N-O | E102: 0 | F102: -1.4 | G102: 3 | H102: 16.4 | I102: =F102 -> -1.4 | K102: =$E$29*E102*I102 -> 0 | L102: =I102+($M$7-$C$7)-(34-26) -> 4.6 | M102: 10 | N102: =(11-M102)*0.5+L102 -> 5.1 | O102: =N102 -> 5.1 | P102: =$E$29*E102*O102 -> 0
A103: Parete N-E | E103: =N7 -> 4.05 | F103: 13.1 | G103: 8.1 | H103: 7.4 | I103: =F103 -> 13.1 | K103: =$E$29*E103*I103 -> 12.875851 | L103: =I103+($M$7-$C$7)-(34-26) -> 19.1 | M103: 10 | N103: =(11-M103)*0.5+L103 -> 19.6 | O103: =N103 -> 19.6 | P103: =$E$29*E103*O103 -> 19.264632
A104: Pareti S-O | E104: 0 | F104: -0.3 | G104: 4.2 | H104: 19.7 | I104: =F104 -> -0.3 | K104: =$E$29*E104*I104 -> 0 | L104: =I104+($M$7-$C$7)-(34-26) -> 5.7 | M104: 10 | N104: =(11-M104)*0.5+L104 -> 6.2 | O104: =N104 -> 6.2 | P104: =$E$29*E104*O104 -> 0
A105: Parete S-E | E105: 0 | F105: 10.8 | G105: 14.1 | H105: 7.4 | I105: =F105 -> 10.8 | K105: =$E$29*E105*I105 -> 0 | L105: =I105+($M$7-$C$7)-(34-26) -> 16.8 | M105: 10 | N105: =(11-M105)*0.5+L105 -> 17.3 | O105: =N105 -> 17.3 | P105: =$E$29*E105*O105 -> 0
A106: TOT | F106: =$E$29*$E$102*F102+$E$29*$E$103*F103+$E$27*$E$101*F101+$E$29*$E$104*F104+$E$29*$E$105*F105 -> 12.875851 | G106: =$E$29*$E$102*G102+$E$29*$E$103*G103+$E$27*$E$101*G101+$E$29*$E$104*G104+$E$29*$E$105*G105 -> 7.9614042 | H106: =$E$29*$E$102*H102+$E$29*$E$103*H103+$E$27*$E$101*H101+$E$29*$E$104*H104+$E$29*$E$105*H105 -> 7.2733816 | K106: =SUM(K101:K105) -> 12.875851 | P106: =SUM(P101:P105) -> 19.264632
A110: =A11 -> ELECTRIC ROOM
A111: Copertura | E111: =K11 -> 27 | F111: 0.8 | G111: 12.5 | H111: 23.6 | I111: =H111 -> 23.6 | K111: =$E$27*E111*I111 -> 268.72221 | L111: =I111+($M$11-$C$11)-(34-26) -> 29.6 | M111: 10 | N111: =(11-M111)*0.5+L111 -> 30.1 | O111: =N111 -> 30.1 | P111: =$E$27*E111*O111 -> 342.73468
A112: Pareti N-O | E112: 0 | F112: -1.4 | G112: 3 | H112: 16.4 | I112: =H112 -> 16.4 | K112: =$E$29*E112*I112 -> 0 | L112: =I112+($M$11-$C$11)-(34-26) -> 22.4 | M112: 10 | N112: =(11-M112)*0.5+L112 -> 22.9 | O112: =N112 -> 22.9 | P112: =$E$29*E112*O112 -> 0
A113: Parete N-E | E113: 0 | F113: 13.1 | G113: 8.1 | H113: 7.4 | I113: =H113 -> 7.4 | K113: =$E$29*E113*I113 -> 0 | L113: =I113+($M$11-$C$11)-(34-26) -> 13.4 | M113: 10 | N113: =(11-M113)*0.5+L113 -> 13.9 | O113: =N113 -> 13.9 | P113: =$E$29*E113*O113 -> 0
A114: Pareti S-O | E114: 0 | F114: -0.3 | G114: 4.2 | H114: 19.7 | I114: =H114 -> 19.7 | K114: =$E$29*E114*I114 -> 0 | L114: =I114+($M$11-$C$11)-(34-26) -> 25.7 | M114: 10 | N114: =(11-M114)*0.5+L114 -> 26.2 | O114: =N114 -> 26.2 | P114: =$E$29*E114*O114 -> 0
A115: Parete S-E | E115: 0 | F115: 10.8 | G115: 14.1 | H115: 7.4 | I115: =H115 -> 7.4 | K115: =$E$29*E115*I115 -> 0 | L115: =I115+($M$11-$C$11)-(34-26) -> 13.4 | M115: 10 | N115: =(11-M115)*0.5+L115 -> 13.9 | O115: =N115 -> 13.9 | P115: =$E$29*E115*O115 -> 0
...

Sheet Carichi t. LINK(NO PLOT)
A1: Locale | C1: ESTATE
C2: Ti (°C) | D2: Pavimento contro terra | G2: Solaio interpiano con locali non condizionati | J2: Copertura | M2: Pareti Esterne | P2: Vetrate Esterne | S2: Pareti su locali non condizionati | V2: Contrib. irragg.copertura | W2: Irragg. sup vetrate | X2: Contrib. irragg.pareti | Y2: Fatt correttivo altezza | Z2: Q TOT (kW)
A3: Descrizione | B3: Codice | D3: T (°C) | E3: Superficie (m2) | F3: Q (W) | G3: T (°C) | H3: Superficie (m2) | I3: Q (W) | J3: T (°C) | K3: Superficie (m2) | L3: Q (W) | M3: T (°C) | N3: Superficie (m2) | O3: Q (W) | P3: T (°C) | Q3: Superficie (m2) | R3: Q (W) | S3: T (°C) | T3: Superficie (m2) | U3: Q (W) | V3: Q (W) | W3: Q (W) | X3: Q (W) | AA3: W/mc
A4: ='Design Criteria'!D8 -> MATERIAL RECEIVING LINK CORRIDOR | B4: ='Design Criteria'!C8 -> E001 | C4: ='Design Criteria'!M8 -> 22 | D4: 15 | E4: ='Design Criteria'!J8 -> 238.5 | F4: 0 | G4: 30 | H4: 140 | I4: =$E$17*H4*(-C4+G4) -> 355.6062 | J4: ='Design Criteria'!$M$46 -> 36 | K4: =E4-H4 -> 98.5 | L4: =$E$13*K4*(-C4+J4) -> 445.12407 | M4: ='Design Criteria'!$M$46 -> 36 | N4: =(18.7+3.4+11.6+4.6+4.4+36.7)*3.5 -> 277.9 | O4: =$E$15*N4*(M4-C4) -> 944.20482 | P4: NA | Q4: 0 | R4: 0 | S4: 5 | T4: =7.5*3.5 -> 26.25 | U4: 0 | V4: =MAX(SUM(P60)-L4,0) -> 511.89268 | W4: 0 | X4: =MAX(SUM(P61:P64)-O4,0) -> 369.45114 | Y4: 1 | Z4: =(F4+I4+O4+R4+U4+L4+V4+W4+X4)*Y4/1000 -> 2.6262789 | AA4: =(Z4)/'Design Criteria'!$L$8*1000 -> 4.0783895
A5: Locale | C5: INVERNO
C6: Ti (°C) | D6: Pavimento contro terra | G6: Solaio interpiano | J6: Copertura | M6: Pareti Esterne | P6: Vetrate Esterne | S6: Pareti su locali non condizionati | V6: Contrib. irragg.copertura | W6: Irragg. sup vetrate | X6: Contrib. irragg.pareti | Y6: Fatt correttivo altezza | Z6: Q TOT (kW) | AB6: Q TOT con aria da magazzino refrigerato(kW)
A7: Descrizione | B7: Codice | D7: T (°C) | E7: Superficie (m2) | F7: Q (W) | G7: T (°C) | H7: Superficie (m2) | I7: Q (W) | J7: T (°C) | K7: Superficie (m2) | L7: Q (W) | M7: T (°C) | N7: Superficie (m2) | O7: Q (W) | P7: T (°C) | Q7: Superficie (m2) | R7: Q (W) | S7: T (°C) | T7: Superficie (m2) | U7: Q (W) | V7: Q (W) | W7: Q (W) | X7: Q (W) | AA7: W/mc | AC7: W/mc
A8: =A4 -> MATERIAL RECEIVING LINK CORRIDOR | B8: =B4 -> E001 | C8: ='Design Criteria'!Q8 -> 22 | D8: 10 | E8: =E4 -> 238.5 | F8: =-$E$12*E8*(D8-C8) -> 1024.0248 | G8: 10 | H8: =H4 -> 140 | I8: =$E$17*H8*(C8-G8) -> 533.40929 | J8: ='Design Criteria'!$Q$46 -> -5 | K8: =K4 -> 98.5 | L8: =$E$13*K8*(C8-J8) -> 858.45356 | M8: ='Design Criteria'!$Q$46 -> -5 | N8: =N4 -> 277.9 | O8: =-$E$15*N8*(M8-C8) -> 1820.9664 | P8: NA | Q8: NA | R8: 0 | S8: =S4 -> 5 | T8: =T4 -> 26.25 | U8: =-$E$14*T8*(S8-C8) -> 361.3814 | V8: 0 | W8: 0 | X8: 0 | Y8: =Y4 -> 1 | Z8: =(F8+I8+O8+R8+U8+L8+V8+W8+X8)*Y8/1000 -> 4.5982355 | AA8: =(Z8)/'Design Criteria'!$L$8*1000 -> 7.1406717 | AB8: =Z8+B76/1000 -> 6.7331193 | AC8: =(AB8)/'Design Criteria'!$L$8*1000 -> 10.455966
D10: sovradimensionamento | E10: 0.25
D11: calc | E11: scelto
A12: U pavimento (W/m2 K) | D12: =SUM(F20:F23)^-1 -> 0.28624035 | E12: =D12*(1+$E$10) -> 0.35780043
A13: U copertura (W/m2 K) | D13: =SUM(F26:F29)^-1 -> 0.25823006 | E13: =D13*(1+$E$10) -> 0.32278757
A14: U parete interna (W/m2 K) | D14: =SUM(F32:F36)^-1 -> 0.64785462 | E14: =D14*(1+$E$10) -> 0.80981827
A15: U parete esterna (W/m2 K) | D15: =SUM(F39:F41)^-1 -> 0.19415099 | E15: =D15*(1+$E$10) -> 0.24268874
A16: U vetrata esterna (W/m2 K) | D16: 3.2 | E16: =D16*(1+$E$10) -> 4
A17: Solaio interpiano (W/m2 K) | D17: =SUM(F44:F47)^-1 -> 0.25400443 | E17: =D17*(1+$E$10) -> 0.31750553
A19: Stratigrafia pavimento contro terra | C19: W/mK | D19: mm | E19: W/m2K | F19: m2K/W | H19: kg/m3 | I19: kg/m2
A20: ai | E20: 9.3 | F20: =1/E20 -> 0.10752688
A21: PVC | C21: 0.2 | D21: 3 | E21: =C21/(D21/1000) -> 66.666667 | F21: =1/E21 -> 0.015 | I21: 20
A22: Calcestruzzo armato | C22: 0.85 | D22: 250 | E22: =C22/(D22/1000) -> 3.4 | F22: =1/E22 -> 0.29411765 | H22: 2400 | I22: =H22*D22/1000 -> 600
A23: Aria | C23: 0.026 | D23: 80 | E23: =C23/(D23/1000) -> 0.325 | F23: =1/E23 -> 3.0769231
A25: Stratigrafia copertura
A26: ae | E26: 23.2 | F26: =1/E26 -> 0.043103448
A27: Massetto - Calcestruzzo | C27: 1.1 | D27: 20 | E27: =C27/(D27/1000) -> 55 | F27: =1/E27 -> 0.018181818 | H27: 2400 | I27: =H27*D27/1000 -> 48
A28: Lamiera grecata | D28: 80 | E28: 0.27 | F28: =1/E28 -> 3.7037037 | I28: 8.6
A29: ai | E29: 9.3 | F29: =1/E29 -> 0.10752688
I30: =SUM(I26:I29) -> 56.6
A31: Stratigrafia parete interna
A32: ai | E32: 9.3 | F32: =1/E32 -> 0.10752688
A33: Ignilastra cartongesso antincendio | C33: 0.23 | D33: 25 | E33: =C33/(D33/1000) -> 9.2 | F33: =1/E33 -> 0.10869565 | H33: 840 | I33: =H33*D33/1000 -> 21
A34: Lana di roccia | C34: 0.045 | D34: 50 | E34: =C34/(D34/1000) -> 0.9 | F34: =1/E34 -> 1.1111111 | H34: 75 | I34: =H34*D34/1000 -> 3.75
A35: Ignilastra cartongesso antincendio | C35: 0.23 | D35: 25 | E35: =C35/(D35/1000) -> 9.2 | F35: =1/E35 -> 0.10869565 | H35: 840 | I35: =H35*D35/1000 -> 21
A36: ai | E36: 9.3 | F36: =1/E36 -> 0.10752688
I37: =SUM(I32:I36) -> 45.75
A38: Stratigrafia parete esterna
A39: ae | E39: 23.2 | F39: =1/E39 -> 0.043103448
A40: Pannello coibentato | C40: 0.07 | D40: 350 | E40: =C40/(D40/1000) -> 0.2 | F40: =1/E40 -> 5 | H40: 135 | I40: =H40*D40/1000 -> 47.25
A41: ai | E41: 9.3 | F41: =1/E41 -> 0.10752688
I42: =SUM(I39:I41) -> 47.25
A43: Stratigrafia solaio interpiano
A44: ai | E44: 9.3 | F44: =1/E44 -> 0.10752688
A45: Massetto - Calcestruzzo | C45: 1.1 | D45: 20 | E45: =C45/(D45/1000) -> 55 | F45: =1/E45 -> 0.018181818 | H45: 2400 | I45: =H45*D45/1000 -> 48
A46: Lamiera grecata | D46: 80 | E46: 0.27 | F46: =1/E46 -> 3.7037037 | I46: 8.6
A47: ai | E47: 9.3 | F47: =1/E47 -> 0.10752688
A49: Irraggiamento superfici vetrate | C49: Dim | D49: N. | E49: mq | F49: Wmax (W/mq) | H49: FCR1 | I49: FCR2 | K49: FCR3 | L49: W (W/mq) | M49: W | N49: Note | O49: DP (°C)
A50: =A4 -> MATERIAL RECEIVING LINK CORRIDOR | B50: NO | E50: =Q4 -> 0 | F50: =344/860*1000 -> 400 | H50: =1+17%-5% -> 1.12 | I50: 0.54 | K50: 0.64 | L50: =F50*H50*I50*K50 -> 154.8288 | M50: =L50*E50 -> 0 | N50: Telaio metallico Vetro doppio Veneziana interna chiara
A58: Irraggiamento superfici opache | E58: mq | F58: ΔTeq1 ore 10 | G58: ΔTeq1 ore 13 | H58: ΔTeq1 ore 18 | I58: ΔTeq1 scelti | K58: W1 | L58: ΔTeq2 | M58: °C esc g | N58: ΔTeq3 | O58: ΔTeq | P58: W
A59: =A4 -> MATERIAL RECEIVING LINK CORRIDOR
A60: Copertura | E60: =K4 -> 98.5 | F60: 0.8 | G60: 12.5 | H60: 23.6 | I60: =H60 -> 23.6 | K60: =$E$13*E60*I60 -> 750.352 | L60: =I60+($M$4-$C$4)-(34-26) -> 29.6 | M60: 10 | N60: =(11-M60)*0.5+L60 -> 30.1 | O60: =N60 -> 30.1 | P60: =$E$13*E60*O60 -> 957.01674
A61: Pareti N-O | E61: =(3.4+4.4)*3.5 -> 27.3 | F61: -1.4 | G61: 3 | H61: 16.4 | I61: =H61 -> 16.4 | K61: =$E$15*E61*I61 -> 108.6566 | L61: =I61+($M$4-$C$4)-(34-26) -> 22.4 | M61: 10 | N61: =(11-M61)*0.5+L61 -> 22.9 | O61: =N61 -> 22.9 | P61: =$E$15*E61*O61 -> 151.72172
A62: Parete N-E | E62: =(36.7)*3.5 -> 128.45 | F62: 13.1 | G62: 8.1 | H62: 7.4 | I62: =H62 -> 7.4 | K62: =$E$15*E62*I62 -> 230.68293 | L62: =I62+($M$4-$C$4)-(34-26) -> 13.4 | M62: 10 | N62: =(11-M62)*0.5+L62 -> 13.9 | O62: =N62 -> 13.9 | P62: =$E$15*E62*O62 -> 433.30983
A63: Pareti S-O | E63: =(18.7+11.6)*3.5 -> 106.05 | F63: -0.3 | G63: 4.2 | H63: 19.7 | I63: =H63 -> 19.7 | K63: =$E$15*E63*I63 -> 507.02168 | L63: =I63+($M$4-$C$4)-(34-26) -> 25.7 | M63: 10 | N63: =(11-M63)*0.5+L63 -> 26.2 | O63: =N63 -> 26.2 | P63: =$E$15*E63*O63 -> 674.3131
A64: Parete S-E | E64: =(4.6)*3.5 -> 16.1 | F64: 10.8 | G64: 14.1 | H64: 7.4 | I64: =H64 -> 7.4 | K64: =$E$15*E64*I64 -> 28.913937 | L64: =I64+($M$4-$C$4)-(34-26) -> 13.4 | M64: 10 | N64: =(11-M64)*0.5+L64 -> 13.9 | O64: =N64 -> 13.9 | P64: =$E$15*E64*O64 -> 54.311314
A65: TOT | F65: =$E$15*$E$61*F61+$E$15*$E$62*F62+$E$13*$E$60*F60+$E$15*$E$63*F63+$E$15*$E$64*F64 -> 459.00881 | G65: =$E$15*$E$61*G61+$E$15*$E$62*G62+$E$13*$E$60*G60+$E$15*$E$63*G63+$E$15*$E$64*G64 -> 833.00146 | H65: =$E$15*$E$61*H61+$E$15*$E$62*H62+$E$13*$E$60*H60+$E$15*$E$63*H63+$E$15*$E$64*H64 -> 1625.6271 | K65: =SUM(K60:K64) -> 1625.6271 | P65: =SUM(P60:P64) -> 2270.6727
A69: Contributo da magazzino refrigerato adiacente
A70: Temperatura magazzino (°C) | B70: 5
A71: UR magazzino (%) | B71: 50
A72: Area frontale materiali (m2) | B72: =1*1.2*2 -> 2.4
A73: Velocità di trascinamento (m/min) | B73: 10
A74: Portata d'aria max da magazzino (m3/h) | B74: =B72*B73*60 -> 1440
A75: Portata d'aria media da magazzino (m3/h) | B75: =B74/4 -> 360
A76: Carico termico invernale (W) | B76: =B75*(C8-B70)*0.3/0.86 -> 2134.8837

Sheet COVER FCH
A24: Committente | F24: Titolo Progetto
A25: AENOVA SRL Stabilimento di Borgo San Michele (LT) | F25: SITE DEVELOPMENT ADVANCED BASIC DESIGN
A29: Titolo Documento | F29: Codice Commessa
A30: HVAC FASCICOLO DEI CALCOLI COLD CHAIN | F30: P5323
F32: Codice Documento
F33: P5323FCH001A
A35: Tabella Revisioni
A36: Revisione | B36: Descrizione: | C36: Emesso per RdO | J36: N° pagine:
A37: A | B37: Stesura: | C37: Ingegno | F37: Data: | G37: 45590 | H37: Firma: | I37: ING | J37: 3
B38: Controllo: | C38: Ingegno | F38: Data: | G38: 45590 | H38: Firma: | I38: ING
B39: Approvazione: | C39: L. Galligani | F39: Data: | G39: 45590 | H39: Firma: | I39: LGA
A40: Revisione | B40: Descrizione: | J40: N° pagine:
A41: B | B41: Stesura: | F41: Data: | H41: Firma:
B42: Controllo: | F42: Data: | H42: Firma:
B43: Approvazione: | F43: Data: | H43: Firma:
A48: Questo documento è proprietà della TECHNICONSULT FIRENZE S.r.l. che tutelerà i suoi diritti a termine di legge - This document is the sole property of TECHNICONSULT FIRENZE S.r.l. who will safeguard its rights according to the previsions of law

Sheet PortateAria
A1: UTA AH-102-01 - Macchina a parziale ricircolo
A2: Locale | B2: Descrizione | C2: Classe | D2: Ricambi aria | E2: Area | F2: Volume | G2: TIE | H2: TII | I2: Tot. Carico Sensibile Estate | J2: Dispersioni di calore Inverno | K2: Pressione Ambiente | L2: Calcolo Portata Aria di Mandata | X2: Estrazioni/Espulsioni | Z2: Estrazioni Regime Attenuato | AA2: Infiltrazioni | AB2: Trafilamenti (o Infiltrazioni da soffitto in locali con P negativa) | AC2: Calcolo Portata Aria di Ripresa | AF2: Note
L4: Estate | O4: Inverno | R4: Portata Aria per Ricambi | S4: Portata Aria Calcolata | T4: Portata Aria Adottata | U4: Portata Aria Sovrad. | V4: Regime Attenuato | W4: Ricambi Calcolati | Y4: Portata Aria Sovrad. | AC4: Portata Aria Calcolata | AD4: Portata Aria Adottata | AE4: Portata Aria Sovrad.
L5: T. Immis. | M5: Minima | N5: Calcolata | O5: T. Immis. | P5: Minima | Q5: Calcolata
D6: Vol/amb/h | E6: m2 | F6: m3 | G6: °C | H6: °C | I6: Watt | J6: Watt | K6: Pa | L6: °C | M6: m3/h | N6: Vol/amb/h | O6: °C | P6: m3/h | Q6: Vol/amb/h | R6: m3/h | S6: m3/h | T6: m3/h | U6: m3/h | V6: m3/h | W6: Vol/amb/h | X6: m3/h | Y6: m3/h | Z6: m3/h | AA6: m3/h | AB6: m3/h | AC6: m3/h | AD6: m3/h | AE6: m3/h | AG6: 0.2
A7: ='Design Criteria'!C8 -> E001 | B7: ='Design Criteria'!D8 -> MATERIAL RECEIVING LINK CORRIDOR | C7: ='Design Criteria'!F8 -> NC | D7: ='Design Criteria'!I8 -> 6 | E7: ='Design Criteria'!J8 -> 238.5 | F7: ='Design Criteria'!L8 -> 643.95 | G7: ='Design Criteria'!M8 -> 22 | H7: ='Design Criteria'!Q8 -> 22 | I7: ='Design Criteria'!AA8 -> 9467.775 | J7: ='Design Criteria'!AB8 -> 6761.475 | K7: 0 | L7: 17 | M7: =PRODUCT(I7,0.86,1/0.3,1/(G7-L7)) -> 5428.191 | N7: =M7/F7 -> 8.4295225 | O7: 25 | P7: =PRODUCT(J7,0.86,1/0.3,1/(O7-H7)) -> 6460.965 | Q7: =P7/F7 -> 10.033333 | R7: =D7*F7 -> 3863.7 | S7: =MAXA(M7,P7) -> 6460.965 | T7: =_xlfn.CEILING.MATH(MAX(R7:S7),10) -> 6470 | U7: =_xlfn.CEILING.MATH(T7*(1+$AG$6),10) -> 7770 | V7: =T7 -> 6470 | W7: =T7/F7 -> 10.047364 | X7: 0 | Y7: =_xlfn.CEILING.MATH(X7*(1+$AG$6),10) -> 0 | Z7: =V7-(T7-X7) -> 0 | AA7: 0 | AB7: 0 | AC7: =SUM(T7,-X7,AA7,-AB7) -> 6470 | AD7: =_xlfn.CEILING.MATH(AC7,10) -> 6470 | AE7: =_xlfn.CEILING.MATH(AD7*(1+$AG$6),10) -> 7770
A8: TOTALE | E8: =SUM(E7:E7) -> 238.5 | F8: =SUM(F7:F7) -> 643.95 | I8: =SUM(I7:I7) -> 9467.775 | J8: =SUM(J7:J7) -> 6761.475 | M8: =SUM(M7:M7) -> 5428.191 | P8: =SUM(P7:P7) -> 6460.965 | R8: =SUM(R7:R7) -> 3863.7 | S8: =SUM(S7:S7) -> 6460.965 | T8: =SUM(T7:T7) -> 6470 | U8: =SUM(U7:U7) -> 7770 | V8: =SUM(V7:V7) -> 6470 | X8: =SUM(X7:X7) -> 0 | Y8: =SUM(Y7:Y7) -> 0 | Z8: =SUM(Z7:Z7) -> 0 | AA8: =SUM(AA7:AA7) -> 0 | AB8: =SUM(AB7:AB7) -> 0 | AC8: =SUM(AC7:AC7) -> 6470 | AD8: =SUM(AD7:AD7) -> 6470 | AE8: =SUM(AE7:AE7) -> 7770
T10: Portata Totale Aria di Mandata | AB10: =_xlfn.CEILING.MATH(T8*(1+$AG$6),100) -> 7800 | AC10: m3/h
T11: Portata Totale Aria di Ripresa | AB11: =_xlfn.CEILING.MATH(AD8*(1+$AG$6),100) -> 7800 | AC11: m3/h | AG11: =(AB11-AB12)/AB10 -> 0.87179487 | AH11: Percentuale ricircolo
T12: Portata Totale Aria Espulsa | AB12: 1000 | AC12: m3/h | AG12: =_xlfn.CEILING.MATH(X8*(1+$AG$6),100) -> 0 | AH12: Estrattori dedicati
T13: Portata Totale Aria Esterna | AB13: =AB10-AB11+AB12 -> 1000 | AC13: m3/h | AG13: =AB13/AB10 -> 0.12820513 | AH13: Percentuale aria rinnovo
A16: UTA AH-103-01 - Macchina a parziale ricircolo
A17: Locale | B17: Descrizione | C17: Classe | D17: Ricambi aria | E17: Area | F17: Volume | G17: TIE | H17: TII | I17: Tot. Carico Sensibile Estate | J17: Dispersioni di calore Inverno | K17: Pressione Ambiente | L17: Calcolo Portata Aria di Mandata | X17: Estrazioni/Espulsioni | Z17: Estrazioni Regime Attenuato | AA17: Infiltrazioni | AB17: Trafilamenti (o Infiltrazioni da soffitto in locali con P negativa) | AC17: Calcolo Portata Aria di Ripresa | AF17: Note
L19: Estate | O19: Inverno | R19: Portata Aria per Ricambi | S19: Portata Aria Calcolata | T19: Portata Aria Adottata | U19: Portata Aria Sovrad. | V19: Regime Attenuato | W19: Ricambi Calcolati | Y19: Portata Aria Sovrad. | AC19: Portata Aria Calcolata | AD19: Portata Aria Adottata | AE19: Portata Aria Sovrad.
L20: T. Immis. | M20: Minima | N20: Calcolata | O20: T. Immis. | P20: Minima | Q20: Calcolata
D21: Vol/amb/h | E21: m2 | F21: m3 | G21: °C | H21: °C | I21: Watt | J21: Watt | K21: Pa | L21: °C | M21: m3/h | N21: Vol/amb/h | O21: °C | P21: m3/h | Q21: Vol/amb/h | R21: m3/h | S21: m3/h | T21: m3/h | U21: m3/h | V21: m3/h | W21: Vol/amb/h | X21: m3/h | Y21: m3/h | Z21: m3/h | AA21: m3/h | AB21: m3/h | AC21: m3/h | AD21: m3/h | AE21: m3/h | AG21: 0.2
A22: ='Design Criteria'!C10 -> A001 | B22: ='Design Criteria'!D10 -> ENTRANCE | C22: ='Design Criteria'!F10 -> NC | D22: ='Design Criteria'!I10 -> 3 | E22: ='Design Criteria'!J10 -> 18.51 | F22: ='Design Criteria'!L10 -> 96.252 | G22: ='Design Criteria'!M10 -> 22 | H22: ='Design Criteria'!Q10 -> 22 | I22: ='Design Criteria'!AA10 -> 466.452 | J22: ='Design Criteria'!AB10 -> 577.512 | K22: 0 | L22: 18 | M22: =PRODUCT(I22,0.86,1/0.3,1/(G22-L22)) -> 334.2906 | N22: =M22/F22 -> 3.4730769 | O22: 25 | P22: =PRODUCT(J22,0.86,1/0.3,1/(O22-H22)) -> 551.8448 | Q22: =P22/F22 -> 5.7333333 | R22: =D22*F22 -> 288.756 | S22: =MAXA(M22,P22) -> 551.8448 | T22: =_xlfn.CEILING.MATH(MAX(R22:S22),10) -> 560 | U22: =_xlfn.CEILING.MATH(T22*(1+$AG$6),10) -> 680 | V22: =T22 -> 560 | W22: =T22/F22 -> 5.8180609 | X22: 0 | Y22: =_xlfn.CEILING.MATH(X22*(1+$AG$6),10) -> 0 | Z22: =V22-(T22-X22) -> 0 | AA22: =-SUM('PerditeAria(NO PLOT)'!F141:F143) -> 0 | AB22: ='PerditeAria(NO PLOT)'!F177 -> 0 | AC22: =SUM(T22,-X22,AA22,-AB22) -> 560 | AD22: =_xlfn.CEILING.MATH(AC22,10) -> 560 | AE22: =_xlfn.CEILING.MATH(AD22*(1+$AG$6),10) -> 680
A23: ='Design Criteria'!C11 -> A002 | B23: ='Design Criteria'!D11 -> HANDLING AREA | C23: ='Design Criteria'!F11 -> NC | D23: ='Design Criteria'!I11 -> 3 | E23: ='Design Criteria'!J11 -> 366.14 | F23: ='Design Criteria'!L11 -> 1903.928 | G23: ='Design Criteria'!M11 -> 22 | H23: ='Design Criteria'!Q11 -> 22 | I23: ='Design Criteria'!AA11 -> 15497.084 | J23: ='Design Criteria'!AB11 -> 12375.532 | K23: 0 | L23: 17 | M23: =PRODUCT(I23,0.86,1/0.3,1/(G23-L23)) -> 8884.9948 | N23: =M23/F23 -> 4.6666654 | O23: 26 | P23: =PRODUCT(J23,0.86,1/0.3,1/(O23-H23)) -> 8869.1313 | Q23: =P23/F23 -> 4.6583333 | R23: =D23*F23 -> 5711.784 | S23: =MAXA(M23,P23) -> 8884.9948 | T23: =_xlfn.CEILING.MATH(MAX(R23:S23),10) -> 8890 | U23: =_xlfn.CEILING.MATH(T23*(1+$AG$6),10) -> 10670 | V23: =T23 -> 8890 | W23: =T23/F23 -> 4.6692942 | X23: 0 | Y23: =_xlfn.CEILING.MATH(X23*(1+$AG$6),10) -> 0 | Z23: =V23-(T23-X23) -> 0 | AA23: =-SUM('PerditeAria(NO PLOT)'!F144:F144) -> 0 | AB23: ='PerditeAria(NO PLOT)'!F178 -> 0 | AC23: =SUM(T23,-X23,AA23,-AB23) -> 8890 | AD23: =_xlfn.CEILING.MATH(AC23,10) -> 8890 | AE23: =_xlfn.CEILING.MATH(AD23*(1+$AG$6),10) -> 10670
A24: ='Design Criteria'!C12 -> A101 | B24: ='Design Criteria'!D12 -> FILTER AGAINST FIRE | C24: ='Design Criteria'!F12 -> NC | D24: ='Design Criteria'!I12 -> 6 | E24: ='Design Criteria'!J12 -> 8.9 | F24: ='Design Criteria'!L12 -> 24.03 | G24: ='Design Criteria'!M12 -> 22 | H24: ='Design Criteria'!Q12 -> 22 | I24: ='Design Criteria'!AA12 -> 454.345 | J24: ='Design Criteria'!AB12 -> 396.495 | K24: 0 | L24: =$L$22 -> 18 | M24: =PRODUCT(I24,0.86,1/0.3,1/(G24-L24)) -> 325.61392 | N24: =M24/F24 -> 13.550309 | O24: =$O$22 -> 25 | P24: =PRODUCT(J24,0.86,1/0.3,1/(O24-H24)) -> 378.873 | Q24: =P24/F24 -> 15.766667 | R24: =D24*F24 -> 144.18 | S24: =MAXA(M24,P24) -> 378.873 | T24: =_xlfn.CEILING.MATH(MAX(R24:S24),10) -> 380 | U24: =_xlfn.CEILING.MATH(T24*(1+$AG$6),10) -> 460 | V24: =T24 -> 380 | W24: =T24/F24 -> 15.813566 | X24: 0 | Y24: =_xlfn.CEILING.MATH(X24*(1+$AG$6),10) -> 0 | Z24: =V24-(T24-X24) -> 0 | AA24: 0 | AB24: 0 | AC24: =SUM(T24,-X24,AA24,-AB24) -> 380 | AD24: =_xlfn.CEILING.MATH(AC24,10) -> 380 | AE24: =_xlfn.CEILING.MATH(AD24*(1+$AG$6),10) -> 460
A25: ='Design Criteria'!C13 -> A102 | B25: ='Design Criteria'!D13 -> AIRLOCK VT | C25: ='Design Criteria'!F13 -> NC | D25: ='Design Criteria'!I13 -> 6 | E25: ='Design Criteria'!J13 -> 5.9 | F25: ='Design Criteria'!L13 -> 15.93 | G25: ='Design Criteria'!M13 -> 22 | H25: ='Design Criteria'!Q13 -> 22 | I25: ='Design Criteria'!AA13 -> 301.195 | J25: ='Design Criteria'!AB13 -> 262.845 | K25: 0 | L25: =$L$22 -> 18 | M25: =PRODUCT(I25,0.86,1/0.3,1/(G25-L25)) -> 215.85642 | N25: =M25/F25 -> 13.550309 | O25: =$O$22 -> 25 | P25: =PRODUCT(J25,0.86,1/0.3,1/(O25-H25)) -> 251.163 | Q25: =P25/F25 -> 15.766667 | R25: =D25*F25 -> 95.58 | S25: =MAXA(M25,P25) -> 251.163 | T25: =_xlfn.CEILING.MATH(MAX(R25:S25),10) -> 260 | U25: =_xlfn.CEILING.MATH(T25*(1+$AG$6),10) -> 320 | V25: =T25 -> 260 | W25: =T25/F25 -> 16.321406 | X25: 0 | Y25: =_xlfn.CEILING.MATH(X25*(1+$AG$6),10) -> 0 | Z25: =V25-(T25-X25) -> 0 | AA25: 0 | AB25: 0 | AC25: =SUM(T25,-X25,AA25,-AB25) -> 260 | AD25: =_xlfn.CEILING.MATH(AC25,10) -> 260 | AE25: =_xlfn.CEILING.MATH(AD25*(1+$AG$6),10) -> 320
A26: ='Design Criteria'!C14 -> A103 | B26: ='Design Criteria'!D14 -> CORRIDOR | C26: ='Design Criteria'!F14 -> NC | D26: ='Design Criteria'!I14 -> 6 | E26: ='Design Criteria'!J14 -> 23.36 | F26: ='Design Criteria'!L14 -> 63.072 | G26: ='Design Criteria'!M14 -> 22 | H26: ='Design Criteria'!Q14 -> 22 | I26: ='Design Criteria'!AA14 -> 1318.672 | J26: ='Design Criteria'!AB14 -> 883.008 | K26: 0 | L26: =$L$22 -> 18 | M26: =PRODUCT(I26,0.86,1/0.3,1/(G26-L26)) -> 945.04827 | N26: =M26/F26 -> 14.983642 | O26: =$O$22 -> 25 | P26: =PRODUCT(J26,0.86,1/0.3,1/(O26-H26)) -> 843.7632 | Q26: =P26/F26 -> 13.377778 | R26: =D26*F26 -> 378.432 | S26: =MAXA(M26,P26) -> 945.04827 | T26: =_xlfn.CEILING.MATH(MAX(R26:S26),10) -> 950 | U26: =_xlfn.CEILING.MATH(T26*(1+$AG$6),10) -> 1140 | V26: =T26 -> 950 | W26: =T26/F26 -> 15.062151 | X26: 0 | Y26: =_xlfn.CEILING.MATH(X26*(1+$AG$6),10) -> 0 | Z26: =V26-(T26-X26) -> 0 | AA26: =-SUM('PerditeAria(NO PLOT)'!F147:F148) -> -140 | AB26: 0 | AC26: =SUM(T26,-X26,AA26,-AB26) -> 810 | AD26: =_xlfn.CEILING.MATH(AC26,10) -> 810 | AE26: =_xlfn.CEILING.MATH(AD26*(1+$AG$6),10) -> 980
A27: ='Design Criteria'!C15 -> 0428 | B27: ='Design Criteria'!D15 -> PREDISPOSITION TO DS | C27: ='Design Criteria'!F15 -> NC | D27: ='Design Criteria'!I15 -> 3 | E27: ='Design Criteria'!J15 -> 63.81 | F27: ='Design Criteria'!L15 -> 172.287 | G27: ='Design Criteria'!M15 -> 22 | H27: ='Design Criteria'!Q15 -> 22 | I27: ='Design Criteria'!AA15 -> 15866.514 | J27: ='Design Criteria'!AB15 -> 1895.157 | K27: 0 | L27: 22 | M27: N.A. | N27: N.A. | O27: 22 | P27: N.A. | Q27: N.A. | R27: =D27*F27 -> 516.861 | S27: =R27 -> 516.861 | T27: =_xlfn.CEILING.MATH(MAX(R27:S27),10) -> 520 | U27: =_xlfn.CEILING.MATH(T27*(1+$AG$6),10) -> 630 | V27: =T27 -> 520 | W27: =T27/F27 -> 3.0182196 | X27: 0 | Y27: =_xlfn.CEILING.MATH(X27*(1+$AG$6),10) -> 0 | Z27: =V27-(T27-X27) -> 0 | AA27: 0 | AB27: 0 | AC27: =SUM(T27,-X27,AA27,-AB27) -> 520 | AD27: =_xlfn.CEILING.MATH(AC27,10) -> 520 | AE27: =_xlfn.CEILING.MATH(AD27*(1+$AG$6),10) -> 630 | AF27: Aria primaria; abbattimento carichi con ventilc.
A28: ='Design Criteria'!C16 -> 0437 | B28: ='Design Criteria'!D16 -> REVAMPING SAMPLING ON LINE (FUTURO) | C28: ='Design Criteria'!F16 -> NC | D28: ='Design Criteria'!I16 -> 3 | E28: ='Design Criteria'!J16 -> 43.5 | F28: ='Design Criteria'!L16 -> 130.5 | G28: ='Design Criteria'!M16 -> NA | H28: ='Design Criteria'!Q16 -> NA | I28: ='Design Criteria'!AA16 -> NA | J28: ='Design Criteria'!AB16 -> NA | K28: 0 | L28: 22 | M28: N.A. | N28: N.A. | O28: 22 | P28: N.A. | Q28: N.A. | R28: =D28*F28 -> 391.5 | S28: =R28 -> 391.5 | T28: =_xlfn.CEILING.MATH(MAX(R28:S28),10) -> 400 | U28: =_xlfn.CEILING.MATH(T28*(1+$AG$6),10) -> 480 | V28: =T28 -> 400 | W28: =T28/F28 -> 3.0651341 | X28: 0 | Y28: =_xlfn.CEILING.MATH(X28*(1+$AG$6),10) -> 0 | Z28: =V28-(T28-X28) -> 0 | AA28: 0 | AB28: 0 | AC28: =SUM(T28,-X28,AA28,-AB28) -> 400 | AD28: =_xlfn.CEILING.MATH(AC28,10) -> 400 | AE28: =_xlfn.CEILING.MATH(AD28*(1+$AG$6),10) -> 480 | AF28: Aria primaria
A29: ='Design Criteria'!C17 -> 1278 | B29: ='Design Criteria'!D17 -> REVAMPING PASSAGEWAY (FUTURO) | C29: ='Design Criteria'!F17 -> NC | D29: ='Design Criteria'!I17 -> 3 | E29: ='Design Criteria'!J17 -> 52.56 | F29: ='Design Criteria'!L17 -> 157.68 | G29: ='Design Criteria'!M17 -> NA | H29: ='Design Criteria'!Q17 -> NA | I29: ='Design Criteria'!AA17 -> NA | J29: ='Design Criteria'!AB17 -> NA | K29: 0 | L29: 22 | M29: N.A. | N29: N.A. | O29: 22 | P29: N.A. | Q29: N.A. | R29: =D29*F29 -> 473.04 | S29: =R29 -> 473.04 | T29: =_xlfn.CEILING.MATH(MAX(R29:S29),10) -> 480 | U29: =_xlfn.CEILING.MATH(T29*(1+$AG$6),10) -> 580 | V29: =T29 -> 480 | W29: =T29/F29 -> 3.04414 | X29: 0 | Y29: =_xlfn.CEILING.MATH(X29*(1+$AG$6),10) -> 0 | Z29: =V29-(T29-X29) -> 0 | AA29: 0 | AB29: 0 | AC29: =SUM(T29,-X29,AA29,-AB29) -> 480 | AD29: =_xlfn.CEILING.MATH(AC29,10) -> 480 | AE29: =_xlfn.CEILING.MATH(AD29*(1+$AG$6),10) -> 580 | AF29: Aria primaria
A30: ='Design Criteria'!C18 -> 1373 | B30: ='Design Criteria'!D18 -> REVAMPING CALIBRATION AREA (FUTURO) | C30: ='Design Criteria'!F18 -> NC | D30: ='Design Criteria'!I18 -> 3 | E30: ='Design Criteria'!J18 -> 70.27 | F30: ='Design Criteria'!L18 -> 210.81 | G30: ='Design Criteria'!M18 -> NA | H30: ='Design Criteria'!Q18 -> NA | I30: ='Design Criteria'!AA18 -> NA | J30: ='Design Criteria'!AB18 -> NA | K30: 0 | L30: 22 | M30: N.A. | N30: N.A. | O30: 22 | P30: N.A. | Q30: N.A. | R30: =D30*F30 -> 632.43 | S30: =R30 -> 632.43 | T30: =_xlfn.CEILING.MATH(MAX(R30:S30),10) -> 640 | U30: =_xlfn.CEILING.MATH(T30*(1+$AG$6),10) -> 770 | V30: =T30 -> 640 | W30: =T30/F30 -> 3.0359091 | X30: 0 | Y30: =_xlfn.CEILING.MATH(X30*(1+$AG$6),10) -> 0 | Z30: =V30-(T30-X30) -> 0 | AA30: 0 | AB30: 0 | AC30: =SUM(T30,-X30,AA30,-AB30) -> 640 | AD30: =_xlfn.CEILING.MATH(AC30,10) -> 640 | AE30: =_xlfn.CEILING.MATH(AD30*(1+$AG$6),10) -> 770 | AF30: Aria primaria
A31: TOTALE | E31: =SUM(E22:E30) -> 652.95 | F31: =SUM(F22:F30) -> 2774.489 | I31: =SUM(I22:I30) -> 33904.262 | J31: =SUM(J22:J30) -> 16390.549 | M31: =SUM(M22:M30) -> 10705.804 | P31: =SUM(P22:P30) -> 10894.775 | R31: =SUM(R22:R30) -> 8632.563 | S31: =SUM(S22:S30) -> 13025.755 | T31: =SUM(T22:T30) -> 13080 | U31: =SUM(U22:U30) -> 15730 | V31: =SUM(V22:V30) -> 13080 | X31: =SUM(X22:X30) -> 0 | Y31: =SUM(Y22:Y30) -> 0 | Z31: =SUM(Z22:Z30) -> 0 | AA31: =SUM(AA22:AA30) -> -140 | AB31: =SUM(AB22:AB30) -> 0 | AC31: =SUM(AC22:AC30) -> 12940 | AD31: =SUM(AD22:AD30) -> 12940 | AE31: =SUM(AE22:AE30) -> 15570
T33: Portata Totale Aria di Mandata | AB33: =_xlfn.CEILING.MATH(T31*(1+$AG$21),100) -> 15700 | AC33: m3/h
T34: Portata Totale Aria di Ripresa | AB34: =_xlfn.CEILING.MATH(AD31*(1+$AG$21),100) -> 15600 | AC34: m3/h | AG34: =(AB34-AB35)/AB33 -> 0.86624204 | AH34: Percentuale ricircolo
T35: Portata Totale Aria Espulsa | AB35: 2000 | AC35: m3/h | AG35: =_xlfn.CEILING.MATH(X31*(1+$AG$21),100) -> 0 | AH35: Estrattori dedicati
T36: Portata Totale Aria Esterna | AB36: =AB33-AB34+AB35 -> 2100 | AC36: m3/h | AG36: =AB36/AB33 -> 0.13375796 | AH36: Percentuale aria rinnovo
A39: UTA AH-104-01 - Macchina a tutta aria esterna
A40: Locale | B40: Descrizione | C40: Classe | D40: Ricambi aria | E40: Area | F40: Volume | G40: TIE | H40: TII | I40: Tot. Carico Sensibile Estate | J40: Dispersioni di calore Inverno | K40: Pressione Ambiente | L40: Calcolo Portata Aria di Mandata | X40: Estrazioni/Espulsioni | Z40: Estrazioni Regime Attenuato | AA40: Infiltrazioni | AB40: Trafilamenti (o Infiltrazioni da soffitto in locali con P negativa) | AC40: Calcolo Portata Aria di Ripresa | AF40: Note
L42: Estate | O42: Inverno | R42: Portata Aria per Ricambi | S42: Portata Aria Calcolata | T42: Portata Aria Adottata | U42: Portata Aria Sovrad. | V42: Regime Attenuato | W42: Ricambi Calcolati | Y42: Portata Aria Sovrad. | AC42: Portata Aria Calcolata | AD42: Portata Aria Adottata | AE42: Portata Aria Sovrad.
L43: T. Immis. | M43: Minima | N43: Calcolata | O43: T. Immis. | P43: Minima | Q43: Calcolata
D44: Vol/amb/h | E44: m2 | F44: m3 | G44: °C | H44: °C | I44: Watt | J44: Watt | K44: Pa | L44: °C | M44: m3/h | N44: Vol/amb/h | O44: °C | P44: m3/h | Q44: Vol/amb/h | R44: m3/h | S44: m3/h | T44: m3/h | U44: m3/h | V44: m3/h | W44: Vol/amb/h | X44: m3/h | Y44: m3/h | Z44: m3/h | AA44: m3/h | AB44: m3/h | AC44: m3/h | AD44: m3/h | AE44: m3/h | AG44: 0.2
A45: ='Design Criteria'!C20 -> A104 | B45: ='Design Criteria'!D20 -> MALE CHANGING ROOM | C45: ='Design Criteria'!F20 -> NC | D45: 0 | E45: ='Design Criteria'!J20 -> 18.37 | F45: ='Design Criteria'!L20 -> 49.599 | G45: ='Design Criteria'!M20 -> 22 | H45: ='Design Criteria'!Q20 -> 22 | I45: ='Design Criteria'!AA20 -> 1488.9915 | J45: ='Design Criteria'!AB20 -> 619.9875 | K45: -5 | L45: 22 | M45: N.A. | N45: N.A. | O45: 22 | P45: N.A. | Q45: N.A. | R45: =D45*F45 -> 0 | S45: =MAXA(M45,P45) -> 0 | T45: 350 | U45: =_xlfn.CEILING.MATH(T45*(1+$AG$6),10) -> 420 | V45: =T45 -> 350 | W45: =T45/F45 -> 7.0565939 | X45: 440 | Y45: =_xlfn.CEILING.MATH(X45*(1+$AG$6),10) -> 530 | Z45: =V45-(T45-X45) -> 440 | AA45: =-SUM('PerditeAria(NO PLOT)'!F149:F150) -> 0 | AB45: ='PerditeAria(NO PLOT)'!F180 -> -90 | AC45: =SUM(T45,-X45,AA45,-AB45) -> 0 | AD45: =_xlfn.CEILING.MATH(AC45,10) -> 0 | AE45: =_xlfn.CEILING.MATH(AD45*(1+$AG$6),10) -> 0 | AF45: Aria primaria; abbattimento carichi con ventilc.
A46: ='Design Criteria'!C21 -> A105 | B46: ='Design Criteria'!D21 -> MALE WC | C46: ='Design Criteria'!F21 -> NC | D46: 0 | E46: ='Design Criteria'!J21 -> 23 | F46: ='Design Criteria'!L21 -> 62.1 | G46: ='Design Criteria'!M21 -> 22 | H46: ='Design Criteria'!Q21 -> 22 | I46: ='Design Criteria'!AA21 -> 635.95 | J46: ='Design Criteria'!AB21 -> 776.25 | K46: -10 | L46: 22 | M46: N.A. | N46: N.A. | O46: 22 | P46: N.A. | Q46: N.A. | R46: =D46*F46 -> 0 | S46: =MAXA(M46,P46) -> 0 | T46: 500 | U46: =_xlfn.CEILING.MATH(T46*(1+$AG$6),10) -> 600 | V46: =T46 -> 500 | W46: =T46/F46 -> 8.0515298 | X46: =8*100 -> 800 | Y46: =_xlfn.CEILING.MATH(X46*(1+$AG$6),10) -> 960 | Z46: =V46-(T46-X46) -> 800 | AA46: =-SUM('PerditeAria(NO PLOT)'!F151:F151) -> 70 | AB46: ='PerditeAria(NO PLOT)'!F181 -> -230 | AC46: =SUM(T46,-X46,AA46,-AB46) -> 0 | AD46: =_xlfn.CEILING.MATH(AC46,10) -> 0 | AE46: =_xlfn.CEILING.MATH(AD46*(1+$AG$6),10) -> 0 | AF46: Aria primaria; abbattimento carichi con ventilc.
A47: ='Design Criteria'!C22 -> A106 | B47: ='Design Criteria'!D22 -> FEMALE WC | C47: ='Design Criteria'!F22 -> NC | D47: 0 | E47: ='Design Criteria'!J22 -> 23 | F47: ='Design Criteria'!L22 -> 62.1 | G47: ='Design Criteria'!M22 -> 22 | H47: ='Design Criteria'!Q22 -> 22 | I47: ='Design Criteria'!AA22 -> 635.95 | J47: ='Design Criteria'!AB22 -> 776.25 | K47: -10 | L47: 22 | M47: N.A. | N47: N.A. | O47: 22 | P47: N.A. | Q47: N.A. | R47: =D47*F47 -> 0 | S47: =MAXA(M47,P47) -> 0 | T47: 500 | U47: =_xlfn.CEILING.MATH(T47*(1+$AG$6),10) -> 600 | V47: =T47 -> 500 | W47: =T47/F47 -> 8.0515298 | X47: =8*100 -> 800 | Y47: =_xlfn.CEILING.MATH(X47*(1+$AG$6),10) -> 960 | Z47: =V47-(T47-X47) -> 800 | AA47: =-SUM('PerditeAria(NO PLOT)'!F152:F152) -> 70 | AB47: ='PerditeAria(NO PLOT)'!F182 -> -230 | AC47: =SUM(T47,-X47,AA47,-AB47) -> 0 | AD47: =_xlfn.CEILING.MATH(AC47,10) -> 0 | AE47: =_xlfn.CEILING.MATH(AD47*(1+$AG$6),10) -> 0 | AF47: Aria primaria; abbattimento carichi con ventilc.
A48: ='Design Criteria'!C23 -> A107 | B48: ='Design Criteria'!D23 -> FEMALE CHANGING ROOM | C48: ='Design Criteria'!F23 -> NC | D48: 0 | E48: ='Design Criteria'!J23 -> 26 | F48: ='Design Criteria'!L23 -> 70.2 | G48: ='Design Criteria'!M23 -> 22 | H48: ='Design Criteria'!Q23 -> 22 | I48: ='Design Criteria'!AA23 -> 2116.7 | J48: ='Design Criteria'!AB23 -> 877.5 | K48: -5 | L48: 22 | M48: N.A. | N48: N.A. | O48: 22 | P48: N.A. | Q48: N.A. | R48: =D48*F48 -> 0 | S48: =MAXA(M48,P48) -> 0 | T48: 500 | U48: =_xlfn.CEILING.MATH(T48*(1+$AG$6),10) -> 600 | V48: =T48 -> 500 | W48: =T48/F48 -> 7.1225071 | X48: 630 | Y48: =_xlfn.CEILING.MATH(X48*(1+$AG$6),10) -> 760 | Z48: =V48-(T48-X48) -> 630 | AA48: =-SUM('PerditeAria(NO PLOT)'!F153:F154) -> 0 | AB48: ='PerditeAria(NO PLOT)'!F183 -> -130 | AC48: =SUM(T48,-X48,AA48,-AB48) -> 0 | AD48: =_xlfn.CEILING.MATH(AC48,10) -> 0 | AE48: =_xlfn.CEILING.MATH(AD48*(1+$AG$6),10) -> 0 | AF48: Aria primaria; abbattimento carichi con ventilc.
A49: ='Design Criteria'!C24 -> A110 | B49: ='Design Criteria'!D24 -> SUPERVISOR ROOM | C49: ='Design Criteria'!F24 -> NC | D49: 0 | E49: ='Design Criteria'!J24 -> 7 | F49: ='Design Criteria'!L24 -> 18.9 | G49: ='Design Criteria'!M24 -> 22 | H49: ='Design Criteria'!Q24 -> 22 | I49: ='Design Criteria'!AA24 -> 532.35 | J49: ='Design Criteria'!AB24 -> 311.85 | K49: 0 | L49: 22 | M49: N.A. | N49: N.A. | O49: 22 | P49: N.A. | Q49: N.A. | R49: =D49*F49 -> 0 | S49: =MAXA(M49,P49) -> 0 | T49: 250 | U49: =_xlfn.CEILING.MATH(T49*(1+$AG$6),10) -> 300 | V49: =T49 -> 250 | W49: =T49/F49 -> 13.227513 | X49: 250 | Y49: =_xlfn.CEILING.MATH(X49*(1+$AG$6),10) -> 300 | Z49: =V49-(T49-X49) -> 250 | AA49: 0 | AB49: 0 | AC49: =SUM(T49,-X49,AA49,-AB49) -> 0 | AD49: =_xlfn.CEILING.MATH(AC49,10) -> 0 | AE49: =_xlfn.CEILING.MATH(AD49*(1+$AG$6),10) -> 0 | AF49: Aria primaria; abbattimento carichi con ventilc.
A50: ='Design Criteria'!C25 -> A109 | B50: ='Design Criteria'!D25 -> UPS ROOM | C50: ='Design Criteria'!F25 -> NC | D50: 0 | E50: ='Design Criteria'!J25 -> 6 | F50: ='Design Criteria'!L25 -> 16.2 | G50: ='Design Criteria'!M25 -> 25 | H50: ='Design Criteria'!Q25 -> 20 | I50: ='Design Criteria'!AA25 -> 5806.3 | J50: ='Design Criteria'!AB25 -> 267.3 | K50: 0 | L50: 22 | M50: N.A. | N50: N.A. | O50: 22 | P50: N.A. | Q50: N.A. | R50: =D50*F50 -> 0 | S50: =MAXA(M50,P50) -> 0 | T50: 100 | U50: =_xlfn.CEILING.MATH(T50*(1+$AG$6),10) -> 120 | V50: =T50 -> 100 | W50: =T50/F50 -> 6.1728395 | X50: 100 | Y50: =_xlfn.CEILING.MATH(X50*(1+$AG$6),10) -> 120 | Z50: =V50-(T50-X50) -> 100 | AA50: 0 | AB50: 0 | AC50: =SUM(T50,-X50,AA50,-AB50) -> 0 | AD50: =_xlfn.CEILING.MATH(AC50,10) -> 0 | AE50: =_xlfn.CEILING.MATH(AD50*(1+$AG$6),10) -> 0 | AF50: Aria primaria; abbattimento carichi con ventilc.
A51: TOTALE | E51: =SUM(E45:E50) -> 103.37 | F51: =SUM(F45:F50) -> 279.099 | I51: =SUM(I45:I50) -> 11216.242 | J51: =SUM(J45:J50) -> 3629.1375 | M51: =SUM(M45:M48) -> 0 | P51: =SUM(P45:P48) -> 0 | R51: =SUM(R45:R48) -> 0 | S51: =SUM(S45:S48) -> 0 | T51: =SUM(T45:T50) -> 2200 | U51: =SUM(U45:U48) -> 2220 | V51: =SUM(V45:V50) -> 2200 | X51: =SUM(X45:X50) -> 3020 | Y51: =SUM(Y45:Y50) -> 3630 | Z51: =SUM(Z45:Z50) -> 3020 | AA51: =SUM(AA45:AA50) -> 140 | AB51: =SUM(AB45:AB50) -> -680 | AC51: =SUM(AC45:AC50) -> 0 | AD51: =SUM(AD45:AD50) -> 0 | AE51: =SUM(AE7:AE48) -> 46680
T53: Portata Totale Aria di Mandata | AB53: =_xlfn.CEILING.MATH(T51*(1+$AG$44),100) -> 2700 | AC53: m3/h
T54: Portata Totale Aria di Ripresa | AB54: =AB55 -> 3700 | AC54: m3/h | AG54: =(AB54-AB55)/AB53 -> 0 | AH54: Percentuale ricircolo
T55: Portata Totale Aria Espulsa | AB55: =_xlfn.CEILING.MATH(X51*(1+$AG$44),100) -> 3700 | AC55: m3/h | AG55: =_xlfn.CEILING.MATH(X51*(1+$AG$44),100) -> 3700 | AH55: Estrattori dedicati
T56: Portata Totale Aria Esterna | AB56: =AB53-AB54+AB55 -> 2700 | AC56: m3/h | AG56: =AB56/AB53 -> 1 | AH56: Percentuale aria rinnovo
A59: UTA AH-105-01 - Macchina a parziale ricircolo
A60: Locale | B60: Descrizione | C60: Classe | D60: Ricambi aria | E60: Area | F60: Volume | G60: TIE | H60: TII | I60: Tot. Carico Sensibile Estate | J60: Dispersioni di calore Inverno | K60: Pressione Ambiente | L60: Calcolo Portata Aria di Mandata | X60: Estrazioni/Espulsioni | Z60: Estrazioni Regime Attenuato | AA60: Infiltrazioni | AB60: Trafilamenti (o Infiltrazioni da soffitto in locali con P negativa) | AC60: Calcolo Portata Aria di Ripresa | AF60: Note
L62: Estate | O62: Inverno | R62: Portata Aria per Ricambi | S62: Portata Aria Calcolata | T62: Portata Aria Adottata | U62: Portata Aria Sovrad. | V62: Regime Attenuato | W62: Ricambi Calcolati | Y62: Portata Aria Sovrad. | AC62: Portata Aria Calcolata | AD62: Portata Aria Adottata | AE62: Portata Aria Sovrad.
L63: T. Immis. | M63: Minima | N63: Calcolata | O63: T. Immis. | P63: Minima | Q63: Calcolata
D64: Vol/amb/h | E64: m2 | F64: m3 | G64: °C | H64: °C | I64: Watt | J64: Watt | K64: Pa | L64: °C | M64: m3/h | N64: Vol/amb/h | O64: °C | P64: m3/h | Q64: Vol/amb/h | R64: m3/h | S64: m3/h | T64: m3/h | U64: m3/h | V64: m3/h | W64: Vol/amb/h | X64: m3/h | Y64: m3/h | Z64: m3/h | AA64: m3/h | AB64: m3/h | AC64: m3/h | AD64: m3/h | AE64: m3/h | AG64: 0.2
A65: ='Design Criteria'!C27 -> E002 | B65: ='Design Criteria'!D27 -> LOGISTIC AIRLOCK OUT | C65: ='Design Criteria'!F27 -> NC | D65: ='Design Criteria'!I27 -> 6 | E65: ='Design Criteria'!J27 -> 24.5 | F65: ='Design Criteria'!L27 -> 66.15 | G65: ='Design Criteria'!M27 -> 22 | H65: ='Design Criteria'!Q27 -> 22 | I65: ='Design Criteria'!AA27 -> 787.675 | J65: ='Design Criteria'!AB27 -> 496.125 | K65: 8 | L65: 18 | M65: =PRODUCT(I65,0.86,1/0.3,1/(G65-L65)) -> 564.50042 | N65: =M65/F65 -> 8.533642 | O65: 24 | P65: =PRODUCT(J65,0.86,1/0.3,1/(O65-H65)) -> 711.1125 | Q65: =P65/F65 -> 10.75 | R65: =D65*F65 -> 396.9 | S65: =MAXA(M65,P65) -> 711.1125 | T65: 1000 | U65: =_xlfn.CEILING.MATH(T65*(1+$AG$6),10) -> 1200 | V65: =T65 -> 1000 | W65: =T65/F65 -> 15.117158 | X65: 0 | Y65: =_xlfn.CEILING.MATH(X65*(1+$AG$6),10) -> 0 | Z65: =V65-(T65-X65) -> 0 | AA65: =-SUM('PerditeAria(NO PLOT)'!F170:F172) -> -400 | AB65: ='PerditeAria(NO PLOT)'!F194 -> 200 | AC65: =SUM(T65,-X65,AA65,-AB65) -> 400 | AD65: =_xlfn.CEILING.MATH(AC65,10) -> 400 | AE65: =_xlfn.CEILING.MATH(AD65*(1+$AG$6),10) -> 480
A66: ='Design Criteria'!C28 -> E003 | B66: ='Design Criteria'!D28 -> LOGISTIC AIRLOCK IN | C66: ='Design Criteria'!F28 -> NC | D66: ='Design Criteria'!I28 -> 6 | E66: ='Design Criteria'!J28 -> 4.58 | F66: ='Design Criteria'!L28 -> 10.992 | G66: ='Design Criteria'!M28 -> 22 | H66: ='Design Criteria'!Q28 -> 22 | I66: ='Design Criteria'!AA28 -> 91.6 | J66: ='Design Criteria'!AB28 -> 0 | K66: 8 | L66: 20 | M66: =PRODUCT(I66,0.86,1/0.3,1/(G66-L66)) -> 131.29333 | N66: =M66/F66 -> 11.944444 | O66: 24 | P66: =PRODUCT(J66,0.86,1/0.3,1/(O66-H66)) -> 0 | Q66: =P66/F66 -> 0 | R66: =D66*F66 -> 65.952 | S66: =MAXA(M66,P66) -> 131.29333 | T66: 500 | U66: =_xlfn.CEILING.MATH(T66*(1+$AG$6),10) -> 600 | V66: =T66 -> 500 | W66: =T66/F66 -> 45.487627 | X66: 0 | Y66: =_xlfn.CEILING.MATH(X66*(1+$AG$6),10) -> 0 | Z66: =V66-(T66-X66) -> 0 | AA66: =-SUM('PerditeAria(NO PLOT)'!F168:F169) -> -270 | AB66: ='PerditeAria(NO PLOT)'!F193 -> 40 | AC66: =SUM(T66,-X66,AA66,-AB66) -> 190 | AD66: =_xlfn.CEILING.MATH(AC66,10) -> 190 | AE66: =_xlfn.CEILING.MATH(AD66*(1+$AG$6),10) -> 230
A67: TOTALE | E67: =SUM(E65:E66) -> 29.08 | F67: =SUM(F65:F66) -> 77.142 | I67: =SUM(I65:I66) -> 879.275 | J67: =SUM(J65:J66) -> 496.125 | M67: =SUM(M65:M66) -> 695.79375 | P67: =SUM(P65:P66) -> 711.1125 | R67: =SUM(R65:R66) -> 462.852 | S67: =SUM(S65:S66) -> 842.40583 | T67: =SUM(T65:T66) -> 1500 | U67: =SUM(U66:U66) -> 600 | V67: =SUM(V65:V66) -> 1500 | X67: =SUM(X65:X66) -> 0 | Y67: =SUM(Y66:Y66) -> 0 | Z67: =SUM(Z65:Z66) -> 0 | AA67: =SUM(AA65:AA66) -> -670 | AB67: =SUM(AB65:AB66) -> 240 | AC67: =SUM(AC65:AC66) -> 590 | AD67: =SUM(AD65:AD66) -> 590 | AE67: =SUM(AE66:AE66) -> 230
T69: Portata Totale Aria di Mandata | AB69: =_xlfn.CEILING.MATH(T67*(1+$AG$64),100) -> 1800 | AC69: m3/h
T70: Portata Totale Aria di Ripresa | AB70: =_xlfn.CEILING.MATH(AD67*(1+$AG$64),100) -> 800 | AC70: m3/h | AG70: =(AB70-AB71)/AB69 -> 0.44444444 | AH70: Percentuale ricircolo
T71: Portata Totale Aria Espulsa | AB71: 0 | AC71: m3/h | AG71: =_xlfn.CEILING.MATH(X67*(1+$AG$64),100) -> 0 | AH71: Estrattori dedicati
T72: Portata Totale Aria Esterna | AB72: =AB69-AB70+AB71 -> 1000 | AC72: m3/h | AG72: =AB72/AB69 -> 0.55555556 | AH72: Percentuale aria rinnovo
A75: UTA AH-106-01 - Macchina a parziale ricircolo
A76: Locale | B76: Descrizione | C76: Classe | D76: Ricambi aria | E76: Area | F76: Volume | G76: TIE | H76: TII | I76: Tot. Carico Sensibile Estate | J76: Dispersioni di calore Inverno | K76: Pressione Ambiente | L76: Calcolo Portata Aria di Mandata | X76: Estrazioni/Espulsioni | Z76: Estrazioni Regime Attenuato | AA76: Infiltrazioni | AB76: Trafilamenti (o Infiltrazioni da soffitto in locali con P negativa) | AC76: Calcolo Portata Aria di Ripresa | AF76: Note
L78: Estate | O78: Inverno | R78: Portata Aria per Ricambi | S78: Portata Aria Calcolata | T78: Portata Aria Adottata | U78: Portata Aria Sovrad. | V78: Regime Attenuato | W78: Ricambi Calcolati | Y78: Portata Aria Sovrad. | AC78: Portata Aria Calcolata | AD78: Portata Aria Adottata | AE78: Portata Aria Sovrad.
L79: T. Immis. | M79: Minima | N79: Calcolata | O79: T. Immis. | P79: Minima | Q79: Calcolata
D80: Vol/amb/h | E80: m2 | F80: m3 | G80: °C | H80: °C | I80: Watt | J80: Watt | K80: Pa | L80: °C | M80: m3/h | N80: Vol/amb/h | O80: °C | P80: m3/h | Q80: Vol/amb/h | R80: m3/h | S80: m3/h | T80: m3/h | U80: m3/h | V80: m3/h | W80: Vol/amb/h | X80: m3/h | Y80: m3/h | Z80: m3/h | AA80: m3/h | AB80: m3/h | AC80: m3/h | AD80: m3/h | AE80: m3/h | AG80: 0.2
A81: ='Design Criteria'!C30 -> 0605/0311 | B81: ='Design Criteria'!D30 -> WAREHOUSE NORTH SIDE / CORRIDOR | C81: ='Design Criteria'!F30 -> NC | D81: ='Design Criteria'!H30 -> 3 | E81: ='Design Criteria'!J30 -> 682 | F81: ='Design Criteria'!L30 -> 2046 | G81: ='Design Criteria'!M30 -> 22 | H81: ='Design Criteria'!Q30 -> 22 | I81: ='Design Criteria'!AA30 -> 16260 | J81: ='Design Criteria'!AB30 -> 0 | K81: 0 | L81: 14.5 | M81: =PRODUCT(I81,0.86,1/0.3,1/(G81-L81)) -> 6214.9333 | N81: =M81/F81 -> 3.0376018 | O81: 24 | P81: =PRODUCT(J81,0.86,1/0.3,1/(O81-H81)) -> 0 | Q81: =P81/F81 -> 0 | R81: =D81*F81 -> 6138 | S81: =MAXA(M81,P81) -> 6214.9333 | T81: =_xlfn.CEILING.MATH(MAX(R81:S81),10) -> 6220 | V81: =T81 -> 6220 | W81: =T81/F81 -> 3.0400782 | X81: 0 | Z81: =V81-(T81-X81) -> 0 | AA81: =-SUM('PerditeAria(NO PLOT)'!F163:F163) -> 110 | AB81: ='PerditeAria(NO PLOT)'!F189 -> 0 | AC81: =SUM(T81,-X81,AA81,-AB81) -> 6330 | AD81: =_xlfn.CEILING.MATH(AC81,10) -> 6330
A82: ='Design Criteria'!C31 -> 0606 | B82: ='Design Criteria'!D31 -> NO BETA AREA CORRIDOR | C82: ='Design Criteria'!F31 -> NC | D82: ='Design Criteria'!H31 -> 3 | E82: ='Design Criteria'!J31 -> 228 | F82: ='Design Criteria'!L31 -> 769.5 | G82: ='Design Criteria'!M31 -> 22 | H82: ='Design Criteria'!Q31 -> 22 | I82: ='Design Criteria'!AA31 -> 9946.5 | J82: ='Design Criteria'!AB31 -> 3078 | K82: 0 | L82: 15.5 | M82: =PRODUCT(I82,0.86,1/0.3,1/(G82-L82)) -> 4386.6615 | N82: =M82/F82 -> 5.7006648 | O82: 26 | P82: =PRODUCT(J82,0.86,1/0.3,1/(O82-H82)) -> 2205.9 | Q82: =P82/F82 -> 2.8666667 | R82: =D82*F82 -> 2308.5 | S82: =MAXA(M82,P82) -> 4386.6615 | T82: 4510 | V82: =T82 -> 4510 | W82: =T82/F82 -> 5.8609487 | X82: 0 | Z82: =V82-(T82-X82) -> 0 | AA82: =-SUM('PerditeAria(NO PLOT)'!F164:F164) -> -170 | AB82: ='PerditeAria(NO PLOT)'!F190 -> 0 | AC82: =SUM(T82,-X82,AA82,-AB82) -> 4340 | AD82: =_xlfn.CEILING.MATH(AC82,10) -> 4340
A83: ='Design Criteria'!C32 -> 0615 | B83: ='Design Criteria'!D32 -> WASTE MATERIAL EXIT | C83: ='Design Criteria'!F32 -> NC | D83: ='Design Criteria'!H32 -> 3 | E83: ='Design Criteria'!J32 -> 24.3 | F83: ='Design Criteria'!L32 -> 87.48 | G83: ='Design Criteria'!M32 -> 22 | H83: ='Design Criteria'!Q32 -> 22 | I83: ='Design Criteria'!AA32 -> 989.01 | J83: ='Design Criteria'!AB32 -> 721.71 | K83: -10 | L83: =L82 -> 15.5 | M83: =PRODUCT(I83,0.86,1/0.3,1/(G83-L83)) -> 436.17877 | N83: =M83/F83 -> 4.9860399 | O83: =O82 -> 26 | P83: =PRODUCT(J83,0.86,1/0.3,1/(O83-H83)) -> 517.2255 | Q83: =P83/F83 -> 5.9125 | R83: =D83*F83 -> 262.44 | S83: =MAXA(M83,P83) -> 517.2255 | T83: =_xlfn.CEILING.MATH(MAX(R83:S83),10) -> 520 | U83: =_xlfn.CEILING.MATH(T83*(1+$AG$6),10) -> 630 | V83: =T83 -> 520 | W83: =T83/F83 -> 5.9442158 | X83: 0 | Y83: =_xlfn.CEILING.MATH(X83*(1+$AG$6),10) -> 0 | Z83: =V83-(T83-X83) -> 0 | AA83: =-SUM('PerditeAria(NO PLOT)'!F165:F166) -> 340 | AB83: ='PerditeAria(NO PLOT)'!F191 -> -240 | AC83: =SUM(T83,-X83,AA83,-AB83) -> 1100 | AD83: =_xlfn.CEILING.MATH(AC83,10) -> 1100 | AE83: =_xlfn.CEILING.MATH(AD83*(1+$AG$6),10) -> 1320
A84: TOTALE | E84: =SUM(E81:E83) -> 934.3 | F84: =SUM(F81:F83) -> 2902.98 | I84: =SUM(I81:I83) -> 27195.51 | J84: =SUM(J81:J83) -> 3799.71 | M84: =SUM(M81:M83) -> 11037.774 | P84: =SUM(P81:P83) -> 2723.1255 | R84: =SUM(R81:R83) -> 8708.94 | S84: =SUM(S81:S83) -> 11118.82 | T84: =SUM(T81:T83) -> 11250 | U84: =SUM(U81:V83) -> 11880 | V84: =SUM(V81:V83) -> 11250 | X84: =SUM(X81:X83) -> 0 | Y84: =SUM(Y81:Z83) -> 0 | Z84: =SUM(Z81:Z83) -> 0 | AA84: =SUM(AA81:AA83) -> 280 | AB84: =SUM(AB81:AB83) -> -240 | AC84: =SUM(AC81:AC83) -> 11770 | AD84: =SUM(AD81:AD83) -> 11770 | AE84: =SUM(AE56:AE83) -> 2260
T86: Portata Totale Aria di Mandata | AB86: =_xlfn.CEILING.MATH(T84*(1+$AG$80),100) -> 13500 | AC86: m3/h
T87: Portata Totale Aria di Ripresa | AB87: =_xlfn.CEILING.MATH(AD84*(1+$AG$80),100) -> 14200 | AC87: m3/h | AG87: =(AB87-AB88)/AB86 -> 0.97037037 | AH87: Percentuale ricircolo
T88: Portata Totale Aria Espulsa | AB88: 1100 | AC88: m3/h | AG88: =_xlfn.CEILING.MATH(X84*(1+$AG$80),100) -> 0 | AH88: Estrattori dedicati
T89: Portata Totale Aria Esterna | AB89: =AB86-AB87+AB88 -> 400 | AC89: m3/h | AG89: =AB89/AB86 -> 0.02962963 | AH89: Percentuale aria rinnovo
A92: UTA AH-107-01 - Macchina a tutta aria esterna
A93: Locale | B93: Descrizione | C93: Classe | D93: Ricambi aria | E93: Area | F93: Volume | G93: TIE | H93: TII | I93: Tot. Carico Sensibile Estate | J93: Dispersioni di calore Inverno | K93: Pressione Ambiente | L93: Calcolo Portata Aria di Mandata | X93: Estrazioni/Espulsioni | Z93: Estrazioni Regime Attenuato | AA93: Infiltrazioni | AB93: Trafilamenti (o Infiltrazioni da soffitto in locali con P negativa) | AC93: Calcolo Portata Aria di Ripresa | AF93: Note
L95: Estate | O95: Inverno | R95: Portata Aria per Ricambi | S95: Portata Aria Calcolata | T95: Portata Aria Adottata | U95: Portata Aria Sovrad. | V95: Regime Attenuato | W95: Ricambi Calcolati | Y95: Portata Aria Sovrad. | AC95: Portata Aria Calcolata | AD95: Portata Aria Adottata | AE95: Portata Aria Sovrad.
L96: T. Immis. | M96: Minima | N96: Calcolata | O96: T. Immis. | P96: Minima | Q96: Calcolata
D97: Vol/amb/h | E97: m2 | F97: m3 | G97: °C | H97: °C | I97: Watt | J97: Watt | K97: Pa | L97: °C | M97: m3/h | N97: Vol/amb/h | O97: °C | P97: m3/h | Q97: Vol/amb/h | R97: m3/h | S97: m3/h | T97: m3/h | U97: m3/h | V97: m3/h | W97: Vol/amb/h | X97: m3/h | Y97: m3/h | Z97: m3/h | AA97: m3/h | AB97: m3/h | AC97: m3/h | AD97: m3/h | AE97: m3/h | AG97: 0.15
A98: ='Design Criteria'!C34 -> B001 | B98: ='Design Criteria'!D34 -> DS STORAGE | C98: ='Design Criteria'!F34 -> NC | D98: ='Design Criteria'!I34 -> 3 | E98: ='Design Criteria'!J34 -> 37.18 | F98: ='Design Criteria'!L34 -> 100.386 | G98: ='Design Criteria'!M34 -> 22 | H98: ='Design Criteria'!Q34 -> 22 | I98: ='Design Criteria'!AA34 -> 5820.8195 | J98: ='Design Criteria'!AB34 -> 828.1845 | K98: 0 | L98: N.A. | M98: N.A. | N98: N.A. | O98: N.A. | P98: N.A. | Q98: N.A. | R98: =D98*F98 -> 301.158 | S98: =MAXA(M98,P98) -> 0 | T98: =_xlfn.CEILING.MATH(MAX(R98:S98),10) -> 310 | U98: =_xlfn.CEILING.MATH(T98*(1+$AG$6),10) -> 380 | V98: =T98 -> 310 | W98: =T98/F98 -> 3.08808 | X98: 460 | Y98: =_xlfn.CEILING.MATH(X98*(1+$AG$6),10) -> 560 | Z98: =V98-(T98-X98) -> 460 | AA98: =-SUM('PerditeAria(NO PLOT)'!F156:F157) -> 150 | AB98: ='PerditeAria(NO PLOT)'!F185 -> 0 | AC98: =SUM(T98,-X98,AA98,-AB98) -> 0 | AD98: =_xlfn.CEILING.MATH(AC98,10) -> 0 | AE98: =_xlfn.CEILING.MATH(AD98*(1+$AG$6),10) -> 0 | AF98: Aria primaria; abbattimento carichi con ventilc.
A99: ='Design Criteria'!C35 -> B002 | B99: ='Design Criteria'!D35 -> CHECK ROOM/AIRLOCK | C99: ='Design Criteria'!F35 -> NC | D99: ='Design Criteria'!I35 -> 3 | E99: ='Design Criteria'!J35 -> 18 | F99: ='Design Criteria'!L35 -> 48.6 | G99: ='Design Criteria'!M35 -> 22 | H99: ='Design Criteria'!Q35 -> 22 | I99: ='Design Criteria'!AA35 -> 1360 | J99: ='Design Criteria'!AB35 -> 0 | K99: 14.5 | L99: N.A. | M99: N.A. | N99: N.A. | O99: N.A. | P99: N.A. | Q99: N.A. | R99: =D99*F99 -> 145.8 | S99: =MAXA(M99,P99) -> 0 | T99: 670 | V99: =T99 -> 670 | W99: =T99/F99 -> 13.786008 | X99: 300 | Z99: =V99-(T99-X99) -> 300 | AA99: =-SUM('PerditeAria(NO PLOT)'!F158:F159) -> -240 | AB99: ='PerditeAria(NO PLOT)'!F186 -> 130 | AC99: =SUM(T99,-X99,AA99,-AB99) -> 0 | AD99: =_xlfn.CEILING.MATH(AC99,10) -> 0 | AF99: Aria primaria; abbattimento carichi con ventilc.
A100: ='Design Criteria'!C36 -> B003 | B100: ='Design Criteria'!D36 -> RECEIVING | C100: ='Design Criteria'!F36 -> NC | D100: ='Design Criteria'!I36 -> 3 | E100: ='Design Criteria'!J36 -> 13 | F100: ='Design Criteria'!L36 -> 35.1 | G100: ='Design Criteria'!M36 -> 22 | H100: ='Design Criteria'!Q36 -> 22 | I100: ='Design Criteria'!AA36 -> 461.825 | J100: ='Design Criteria'!AB36 -> 289.575 | K100: 10 | L100: N.A. | M100: N.A. | N100: N.A. | O100: N.A. | P100: N.A. | Q100: N.A. | R100: =D100*F100 -> 105.3 | S100: =MAXA(M100,P100) -> 0 | T100: 300 | U100: =_xlfn.CEILING.MATH(T100*(1+$AG$6),10) -> 360 | V100: =T100 -> 300 | W100: =T100/F100 -> 8.5470085 | X100: 190 | Y100: =_xlfn.CEILING.MATH(X100*(1+$AG$6),10) -> 230 | Z100: =V100-(T100-X100) -> 190 | AA100: =-SUM('PerditeAria(NO PLOT)'!F160:F161) -> -40 | AB100: ='PerditeAria(NO PLOT)'!F187 -> 70 | AC100: =SUM(T100,-X100,AA100,-AB100) -> 0 | AD100: =_xlfn.CEILING.MATH(AC100,10) -> 0 | AE100: =_xlfn.CEILING.MATH(AD100*(1+$AG$6),10) -> 0 | AF100: Aria primaria; abbattimento carichi con ventilc.
A101: TOTALE | E101: =SUM(E98:E100) -> 68.18 | F101: =SUM(F98:F100) -> 184.086 | I101: =SUM(I98:I100) -> 7642.6445 | J101: =SUM(J98:J100) -> 1117.7595 | M101: =SUM(M98:M100) -> 0 | P101: =SUM(P98:P100) -> 0 | R101: =SUM(R98:R100) -> 552.258 | S101: =SUM(S98:S100) -> 0 | T101: =SUM(T98:T100) -> 1280 | U101: =SUM(U38:U100) -> 20510 | V101: =SUM(V98:V100) -> 1280 | X101: =SUM(X98:X100) -> 950 | Y101: =SUM(Y38:Y100) -> 8050 | Z101: =SUM(Z95:Z100) -> 950 | AA101: =SUM(AA98:AA100) -> -130 | AB101: =SUM(AB98:AB100) -> 200 | AC101: =SUM(AC98:AC100) -> 0 | AD101: =SUM(AD98:AD100) -> 0 | AE101: =SUM(AE38:AE100) -> 51200
T103: Portata Totale Aria di Mandata | AB103: =_xlfn.CEILING.MATH(T101*(1+$AG$97),100) -> 1500 | AC103: m3/h
T104: Portata Totale Aria di Ripresa | AB104: =AB105 -> 1100 | AC104: m3/h | AG104: =(AB104-AB105)/AB103 -> 0 | AH104: Percentuale ricircolo
T105: Portata Totale Aria Espulsa | AB105: =_xlfn.CEILING.MATH(X101*(1+$AG$97),100) -> 1100 | AC105: m3/h | AG105: =_xlfn.CEILING.MATH(X101*(1+$AG$97),100) -> 1100 | AH105: Estrattori dedicati
T106: Portata Totale Aria Esterna | AB106: =AB103-AB104+AB105 -> 1500 | AC106: m3/h | AG106: =AB106/AB103 -> 1 | AH106: Percentuale aria rinnovo

Sheet Batterie di POST
A1: Batterie di POST-RISCALDAMENTO AH-102-01 | V1: =PortateAria!AG6 -> 0.2
A2: Riferimento batteria | B2: Locale | C2: Descrizione | D2: Classe | E2: Portata Aria di Mandata | F2: Portata Aria di Progetto | G2: TIE | H2: TII | I2: Temperatura a monte della batteria | J2: Temperatura a valle della batteria | K2: Potenza termica | M2: Salto Termico lato acqua | N2: Portata acqua calda | Q2: Dimensione batteria | U2: V
K4: Minima | L4: di Progetto | N4: Minima | O4: di Progetto | Q4: Superficie | R4: Lato B | S4: Lato A | T4: Lato A effettivo
E5: m3/h | F5: m3/h | G5: °C | H5: °C | I5: °C | J5: °C | K5: kcal/h | L5: kcal/h | M5: °C | N5: lt/h | O5: lt/h | P5: lt/s | Q5: m2 | R5: m | S5: m | T5: m | U5: m/s
R6: Lato Attacchi
A8: RC-102-01 | B8: =PortateAria!A7 -> E001 | C8: =PortateAria!B7 -> MATERIAL RECEIVING LINK CORRIDOR | D8: =PortateAria!C7 -> NC | E8: =PortateAria!T7 -> 6470
F10: =SUM(E8:E9) -> 6470 | G10: =PortateAria!G7 -> 22 | H10: =PortateAria!H7 -> 22 | I10: 18.2 | J10: =PortateAria!O7 -> 25 | K10: =PRODUCT(F10,(J10-I10),0.3) -> 13198.8 | L10: =MROUND(K10*(1+V1),50) -> 15850 | M10: 10 | N10: =PRODUCT(K10/M10) -> 1319.88 | O10: =PRODUCT(L10/M10) -> 1585 | P10: =O10/3600 -> 0.44027778 | Q10: =PRODUCT(F10,1/3600,1/2) -> 0.89861111 | R10: 1.1 | S10: =PRODUCT(Q10,1/R10) -> 0.81691919 | T10: 1 | U10: =F10/3600/R10/T10 -> 1.6338384
A12: TOTALE | F12: =F10 -> 6470 | L12: =L10 -> 15850 | O12: =O10 -> 1585 | P12: =P10 -> 0.44027778
A15: Batterie di POST-RISCALDAMENTO AH-103-01 | V15: =PortateAria!AG21 -> 0.2
A16: Riferimento batteria | B16: Locale | C16: Descrizione | D16: Classe | E16: Portata Aria di Mandata | F16: Portata Aria di Progetto | G16: TIE | H16: TII | I16: Temperatura a monte della batteria | J16: Temperatura a valle della batteria | K16: Potenza termica | M16: Salto Termico lato acqua | N16: Portata acqua calda | Q16: Dimensione batteria | U16: V
K18: Minima | L18: di Progetto | N18: Minima | O18: di Progetto | Q18: Superficie | R18: Lato B | S18: Lato A | T18: Lato A effettivo
E19: m3/h | F19: m3/h | G19: °C | H19: °C | I19: °C | J19: °C | K19: kcal/h | L19: kcal/h | M19: °C | N19: lt/h | O19: lt/h | P19: lt/s | Q19: m2 | R19: m | S19: m | T19: m | U19: m/s
R20: Lato Attacchi
A22: RC-103-01 | B22: =PortateAria!A22 -> A001 | C22: =PortateAria!B22 -> ENTRANCE | D22: =PortateAria!C22 -> NC | E22: =PortateAria!T22 -> 560
B23: =PortateAria!A24 -> A101 | C23: =PortateAria!B24 -> FILTER AGAINST FIRE | D23: =PortateAria!C24 -> NC | E23: =PortateAria!T24 -> 380
B24: =PortateAria!A25 -> A102 | C24: =PortateAria!B25 -> AIRLOCK VT | D24: =PortateAria!C25 -> NC | E24: =PortateAria!T25 -> 260
B25: =PortateAria!A26 -> A103 | C25: =PortateAria!B26 -> CORRIDOR | D25: =PortateAria!C26 -> NC | E25: =PortateAria!T26 -> 950
F27: =SUM(E22:E26) -> 2150 | G27: =PortateAria!G22 -> 22 | H27: =PortateAria!H22 -> 22 | I27: 18.1 | J27: =PortateAria!O22 -> 25 | K27: =PRODUCT(F27,(J27-I27),0.3) -> 4450.5 | L27: =MROUND(K27*(1+$V$15),50) -> 5350 | M27: 10 | N27: =PRODUCT(K27/M27) -> 445.05 | O27: =PRODUCT(L27/M27) -> 535 | P27: =O27/3600 -> 0.14861111 | Q27: =PRODUCT(F27,1/3600,1/2) -> 0.29861111 | R27: 0.45 | S27: =PRODUCT(Q27,1/R27) -> 0.66358025 | T27: 0.65 | U27: =F27/3600/R27/T27 -> 2.0417854
A29: RC-103-02 | B29: =PortateAria!A23 -> A002 | C29: =PortateAria!B23 -> HANDLING AREA | D29: =PortateAria!C23 -> NC | E29: =PortateAria!T23 -> 8890
F31: =SUM(E29:E30) -> 8890 | G31: =PortateAria!G23 -> 22 | H31: =PortateAria!H23 -> 22 | I31: =I27 -> 18.1 | J31: =PortateAria!O23 -> 26 | K31: =PRODUCT(F31,(J31-I31),0.3) -> 21069.3 | L31: =MROUND(K31*(1+$V$15),50) -> 25300 | M31: 10 | N31: =PRODUCT(K31/M31) -> 2106.93 | O31: =PRODUCT(L31/M31) -> 2530 | P31: =O31/3600 -> 0.70277778 | Q31: =PRODUCT(F31,1/3600,1/2) -> 1.2347222 | R31: 1 | S31: =PRODUCT(Q31,1/R31) -> 1.2347222 | T31: 1.25 | U31: =F31/3600/R31/T31 -> 1.9755556
A33: RC-103-03 | B33: =PortateAria!A27 -> 0428 | C33: =PortateAria!B27 -> PREDISPOSITION TO DS | D33: =PortateAria!C27 -> NC | E33: =PortateAria!T27 -> 520
F35: =SUM(E33:E34) -> 520 | G35: =PortateAria!G27 -> 22 | H35: =PortateAria!H27 -> 22 | I35: 11.1 | J35: =PortateAria!O27 -> 22 | K35: =PRODUCT(F35,(J35-I35),0.3) -> 1700.4 | L35: =MROUND(K35*(1+$V$15),50) -> 2050 | M35: 10 | N35: =PRODUCT(K35/M35) -> 170.04 | O35: =PRODUCT(L35/M35) -> 205 | P35: =O35/3600 -> 0.056944444 | Q35: =PRODUCT(F35,1/3600,1/2) -> 0.072222222 | R35: 0.2 | S35: =PRODUCT(Q35,1/R35) -> 0.36111111 | T35: 0.4 | U35: =F35/3600/R35/T35 -> 1.8055556
A37: NA (FUTURA) | B37: =PortateAria!A28 -> 0437 | C37: =PortateAria!B28 -> REVAMPING SAMPLING ON LINE (FUTURO) | D37: =PortateAria!C28 -> NC | E37: =PortateAria!T28 -> 400
B38: =PortateAria!A29 -> 1278 | C38: =PortateAria!B29 -> REVAMPING PASSAGEWAY (FUTURO) | D38: =PortateAria!C29 -> NC | E38: =PortateAria!T29 -> 480
B39: =PortateAria!A30 -> 1373 | C39: =PortateAria!B30 -> REVAMPING CALIBRATION AREA (FUTURO) | D39: =PortateAria!C30 -> NC | E39: =PortateAria!T30 -> 640
F41: =SUM(E37:E40) -> 1520 | G41: 22 | H41: 22 | I41: 11.1 | J41: =PortateAria!O28 -> 22 | K41: =PRODUCT(F41,(J41-I41),0.3) -> 4970.4 | L41: =MROUND(K41*(1+$V$15),50) -> 5950 | M41: 10 | N41: =PRODUCT(K41/M41) -> 497.04 | O41: =PRODUCT(L41/M41) -> 595 | P41: =O41/3600 -> 0.16527778 | Q41: =PRODUCT(F41,1/3600,1/2) -> 0.21111111 | R41: NA | S41: NA | T41: NA | U41: NA
A43: TOTALE | F43: =F41+F35+F31+F27 -> 13080 | L43: =L41+L35+L31+L27 -> 38650 | O43: =O41+O35+O31+O27 -> 3865 | P43: =P41+P35+P31+P27 -> 1.0736111
A46: Batterie di POST-RISCALDAMENTO AH-104-01 | V46: =PortateAria!AG44 -> 0.2
A47: Riferimento batteria | B47: Locale | C47: Descrizione | D47: Classe | E47: Portata Aria di Mandata | F47: Portata Aria di Progetto | G47: TIE | H47: TII | I47: Temperatura a monte della batteria | J47: Temperatura a valle della batteria | K47: Potenza termica | M47: Salto Termico lato acqua | N47: Portata acqua calda | Q47: Dimensione batteria | U47: V
K49: Minima | L49: di Progetto | N49: Minima | O49: di Progetto | Q49: Superficie | R49: Lato B | S49: Lato A | T49: Lato A effettivo
E50: m3/h | F50: m3/h | G50: °C | H50: °C | I50: °C | J50: °C | K50: kcal/h | L50: kcal/h | M50: °C | N50: lt/h | O50: lt/h | P50: lt/s | Q50: m2 | R50: m | S50: m | T50: m | U50: m/s
R51: Lato Attacchi
A53: RC-104-01 | B53: =PortateAria!A45 -> A104 | C53: =PortateAria!B45 -> MALE CHANGING ROOM | D53: =PortateAria!C45 -> NC | E53: =PortateAria!T45 -> 350
B54: =PortateAria!A46 -> A105 | C54: =PortateAria!B46 -> MALE WC | D54: =PortateAria!C46 -> NC | E54: =PortateAria!T46 -> 500
B55: =PortateAria!A47 -> A106 | C55: =PortateAria!B47 -> FEMALE WC | D55: =PortateAria!C47 -> NC | E55: =PortateAria!T47 -> 500
B56: =PortateAria!A48 -> A107 | C56: =PortateAria!B48 -> FEMALE CHANGING ROOM | D56: =PortateAria!C48 -> NC | E56: =PortateAria!T48 -> 500
B57: =PortateAria!A49 -> A110 | C57: =PortateAria!B49 -> SUPERVISOR ROOM | D57: =PortateAria!C49 -> NC | E57: =PortateAria!T49 -> 250
B58: =PortateAria!A50 -> A109 | C58: =PortateAria!B50 -> UPS ROOM | D58: =PortateAria!C50 -> NC | E58: =PortateAria!T50 -> 100
F60: =SUM(E53:E59) -> 2200 | G60: =PortateAria!G45 -> 22 | H60: =PortateAria!H45 -> 22 | I60: 13.9 | J60: =PortateAria!O45 -> 22 | K60: =PRODUCT(F60,(J60-I60),0.3) -> 5346 | L60: =MROUND(K60*(1+$V$46),50) -> 6400 | M60: 10 | N60: =PRODUCT(K60/M60) -> 534.6 | O60: =PRODUCT(L60/M60) -> 640 | P60: =O60/3600 -> 0.17777778 | Q60: =PRODUCT(F60,1/3600,1/2) -> 0.30555556 | R60: 0.5 | S60: =PRODUCT(Q60,1/R60) -> 0.61111111 | T60: 0.7 | U60: =F60/3600/R60/T60 -> 1.7460317
A62: TOTALE | F62: =F60 -> 2200 | L62: =L60 -> 6400 | O62: =O60 -> 640 | P62: =P60 -> 0.17777778
A65: Batterie di POST-RISCALDAMENTO AH-105-01 | V65: =PortateAria!AG64 -> 0.2
A66: Riferimento batteria | B66: Locale | C66: Descrizione | D66: Classe | E66: Portata Aria di Mandata | F66: Portata Aria di Progetto | G66: TIE | H66: TII | I66: Temperatura a monte della batteria | J66: Temperatura a valle della batteria | K66: Potenza termica | M66: Salto Termico lato acqua | N66: Portata acqua calda | Q66: Dimensione batteria | U66: V
K68: Minima | L68: di Progetto | N68: Minima | O68: di Progetto | Q68: Superficie | R68: Lato B | S68: Lato A | T68: Lato A effettivo
E69: m3/h | F69: m3/h | G69: °C | H69: °C | I69: °C | J69: °C | K69: kcal/h | L69: kcal/h | M69: °C | N69: lt/h | O69: lt/h | P69: lt/s | Q69: m2 | R69: m | S69: m | T69: m | U69: m/s
R70: Lato Attacchi
A72: RC-105-01 | B72: =PortateAria!A65 -> E002 | C72: =PortateAria!B65 -> LOGISTIC AIRLOCK OUT | D72: =PortateAria!C65 -> NC | E72: =PortateAria!T65 -> 1000
F74: =SUM(E72:E73) -> 1000 | G74: =PortateAria!G65 -> 22 | H74: =PortateAria!H65 -> 22 | I74: =I78 -> 6.4 | J74: =PortateAria!O65 -> 24 | K74: =PRODUCT(F74,(J74-I74),0.3) -> 5280 | L74: =MROUND(K74*(1+$V$65),50) -> 6350 | M74: 10 | N74: =PRODUCT(K74/M74) -> 528 | O74: =PRODUCT(L74/M74) -> 635 | P74: =O74/3600 -> 0.17638889 | Q74: =PRODUCT(F74,1/3600,1/2) -> 0.13888889 | R74: 0.35 | S74: =PRODUCT(Q74,1/R74) -> 0.3968254 | T74: 0.45 | U74: =F74/3600/R74/T74 -> 1.7636684
A76: RC-105-02 | B76: =PortateAria!A66 -> E003 | C76: =PortateAria!B66 -> LOGISTIC AIRLOCK IN | D76: =PortateAria!C66 -> NC | E76: =PortateAria!T66 -> 500
F78: =SUM(E76:E77) -> 500 | G78: =PortateAria!G66 -> 22 | H78: =PortateAria!H66 -> 22 | I78: 6.4 | J78: =PortateAria!O66 -> 24 | K78: =PRODUCT(F78,(J78-I78),0.3) -> 2640 | L78: =MROUND(K78*(1+$V$65),50) -> 3150 | M78: 10 | N78: =PRODUCT(K78/M78) -> 264 | O78: =PRODUCT(L78/M78) -> 315 | P78: =O78/3600 -> 0.0875 | Q78: =PRODUCT(F78,1/3600,1/2) -> 0.069444444 | R78: 0.2 | S78: =PRODUCT(Q78,1/R78) -> 0.34722222 | T78: 0.45 | U78: =F78/3600/R78/T78 -> 1.5432099
A80: TOTALE | F80: =F78+F74 -> 1500 | L80: =L78+L74 -> 9500 | O80: =O78+O74 -> 950 | P80: =P78+P74 -> 0.26388889
A83: Batterie di POST-RISCALDAMENTO AH-106-01 | V83: =PortateAria!AG80 -> 0.2
A84: Riferimento batteria | B84: Locale | C84: Descrizione | D84: Classe | E84: Portata Aria di Mandata | F84: Portata Aria di Progetto | G84: TIE | H84: TII | I84: Temperatura a monte della batteria | J84: Temperatura a valle della batteria | K84: Potenza termica | M84: Entalpia specifica evaporazione | N84: Portata acqua calda | Q84: Dimensione batteria | U84: V
K86: Minima | L86: di Progetto | N86: Minima | O86: di Progetto | Q86: Superficie | R86: Lato B | S86: Lato A | T86: Lato A effettivo
E87: m3/h | F87: m3/h | G87: °C | H87: °C | I87: °C | J87: °C | K87: kcal/h | L87: kcal/h | M87: kcal/kg | N87: kg/h | O87: kg/h | P87: g/s | Q87: m2 | R87: m | S87: m | T87: m | U87: m/s
R88: Lato Attacchi
A90: RC-106-01 | B90: =PortateAria!A81 -> 0605/0311 | C90: =PortateAria!B81 -> WAREHOUSE NORTH SIDE / CORRIDOR | D90: =PortateAria!C81 -> NC | E90: =PortateAria!T81 -> 6220
F92: =SUM(E90:E91) -> 6220 | G92: =PortateAria!G81 -> 22 | H92: =PortateAria!H81 -> 22 | I92: 20.9 | J92: =PortateAria!O81 -> 24 | K92: =PRODUCT(F92,(J92-I92),0.3) -> 5784.6 | L92: =MROUND(K92*(1+$V$83),50) -> 6950 | M92: 490 | N92: =K92/M92 -> 11.805306 | O92: =PRODUCT(L92/M92) -> 14.183673 | P92: =O92/3.6 -> 3.9399093 | Q92: =PRODUCT(F92,1/3600,1/2) -> 0.86388889 | R92: 0.7 | S92: =PRODUCT(Q92,1/R92) -> 1.234127 | T92: 1.35 | U92: =F92/3600/R92/T92 -> 1.8283363
A94: RC-106-02 | B94: =PortateAria!A82 -> 0606 | C94: =PortateAria!B82 -> NO BETA AREA CORRIDOR | D94: =PortateAria!C82 -> NC | E94: =PortateAria!T82 -> 4510
B95: =PortateAria!A83 -> 0615 | C95: =PortateAria!B83 -> WASTE MATERIAL EXIT | D95: =PortateAria!C83 -> NC | E95: =PortateAria!T83 -> 520
F97: =SUM(E94:E96) -> 5030 | G97: =PortateAria!G82 -> 22 | H97: =PortateAria!H82 -> 22 | I97: =I92 -> 20.9 | J97: =PortateAria!O82 -> 26 | K97: =PRODUCT(F97,(J97-I97),0.3) -> 7695.9 | L97: =MROUND(K97*(1+$V$83),50) -> 9250 | M97: 490 | N97: =K97/M97 -> 15.705918 | O97: =PRODUCT(L97/M97) -> 18.877551 | P97: =O97/3.6 -> 5.2437642 | Q97: =PRODUCT(F97,1/3600,1/2) -> 0.69861111 | R97: 0.6 | S97: =PRODUCT(Q97,1/R97) -> 1.1643519 | T97: 1.35 | U97: =F97/3600/R97/T97 -> 1.7249657
A99: TOTALE | F99: =F92+F97 -> 11250 | L99: =L92+L97 -> 16200 | O99: =O92+O97 -> 33.061224 | P99: =P92+P97 -> 9.1836735

Sheet RiepilogoConsumi(NO PLOT)
A1: Riepilogo consumi | O1: TUBI IN ACCIAIO O PLASTICA: - reti principali: vel. compresa tra 1,5 e 2,5 m/s; - diramazioni utenze: vel compresa tra 0,5 e 1,5 m/s; TUBI IN RAME: - reti principali: vel. compresa tra 0,9 e 1,2 m/s; - diramazioni utenze: vel compresa tra 0,5 e 0,9 m/s;
A2: Apparecchiatura | B2: Kg/h Vapore Batteria calda | C2: l/h Batteria Calda | D2: kWc | E2: l/h Batteria Fredda | F2: kWf | G2: Kgv/h Umidificatore | H2: Note | I2: Diametro Tubazioni | L2: Diametro Valvole Regolazione
I3: Acqua Calda | J3: Acqua Fredda | K3: Vapore Black | L3: Acqua Calda | M3: Acqua Fredda | N3: Vapore Black
O4: 150-300 Pa/m | P4: piping
A5: AH-102-01 | B5: - | C5: - | E5: =_xlfn.CEILING.MATH((F5)*860/5,10) -> 7920 | F5: =26+20 -> 46 | G5: - | H5: Da calcolo su Diagramma Psicrometrico | I5: - | J5: DN50 | L5: - | M5: DN40, kvs 25 | N5: - | O5: 40 kPa | P5: batterie calde
A6: ='Batterie di POST'!A8 -> RC-102-01 | B6: - | C6: ='Batterie di POST'!O10 -> 1585 | D6: ='Batterie di POST'!L10/860 -> 18.430233 | E6: - | G6: - | I6: DN25 | L6: DN20, kvs 4 | N6: - | O6: 50 kPa | P6: batterie fredde
A8: AH-103-01 | B8: - | C8: - | E8: =_xlfn.CEILING.MATH((F8)*860/5,10) -> 16090 | F8: =52+41.5 -> 93.5 | G8: - | H8: Da calcolo su Diagramma Psicrometrico | I8: - | J8: DN65 | L8: - | M8: DN50, kvs 40 | N8: -
A9: ='Batterie di POST'!A22 -> RC-103-01 | C9: ='Batterie di POST'!O27 -> 535 | D9: ='Batterie di POST'!L27/860 -> 6.2209302 | I9: DN20 | L9: DN15, kvs 1,6
A10: ='Batterie di POST'!A29 -> RC-103-02 | C10: ='Batterie di POST'!O31 -> 2530 | D10: ='Batterie di POST'!L31/860 -> 29.418605 | I10: DN32 | L10: DN25, kvs 6,3
A11: ='Batterie di POST'!A33 -> RC-103-03 | C11: ='Batterie di POST'!O35 -> 205 | D11: ='Batterie di POST'!L35/860 -> 2.3837209 | I11: DN15 | L11: DN15, kvs 0,63
A12: ='Batterie di POST'!A37 -> NA (FUTURA) | C12: ='Batterie di POST'!O41 -> 595 | D12: ='Batterie di POST'!L41/860 -> 6.9186047 | I12: DN20 | L12: DN15, kvs 1,6
A14: AH-104-01 | B14: - | C14: =_xlfn.CEILING.MATH((D14)*860/10,10) -> 1040 | D14: 12 | E14: =_xlfn.CEILING.MATH((F14)*860/5,10) -> 6630 | F14: 38.5 | G14: - | H14: Da calcolo su Diagramma Psicrometrico | I14: DN25 | J14: DN50 | L14: DN20, kvs 4 | M14: DN40, kvs 25 | N14: -
A15: ='Batterie di POST'!A53 -> RC-104-01 | C15: ='Batterie di POST'!O60 -> 640 | D15: ='Batterie di POST'!L60/860 -> 7.4418605 | I15: DN20 | L15: DN15, kvs 1,6
A17: AH-105-01 | B17: - | C17: - | E17: =_xlfn.CEILING.MATH((F17)*860/5,10) -> 4130 | F17: =5.5+18.5 -> 24 | G17: - | H17: Da calcolo su Diagramma Psicrometrico | I17: - | J17: DN40 | L17: - | M17: DN32, kvs 10 | N17: -
A18: ='Batterie di POST'!A76 -> RC-105-02 | C18: ='Batterie di POST'!O78 -> 315 | D18: ='Batterie di POST'!L78/860 -> 3.6627907 | I18: DN15 | L18: DN15, kvs 1
A19: ='Batterie di POST'!A72 -> RC-105-01 | C19: ='Batterie di POST'!O74 -> 635 | D19: ='Batterie di POST'!L74/860 -> 7.3837209 | I19: DN20 | L19: DN15, kvs 1,6
A21: PREDISP. ESP. LINK | B21: =SUM(B5:B6)*0.43 -> 0 | C21: =_xlfn.CEILING.MATH(SUM(C5:C6)*0.43,5) -> 685 | D21: =SUM(D5:D6)*0.43 -> 7.925 | E21: =SUM(E5:E6)*0.43 -> 3405.6 | F21: =SUM(F5:F6)*0.43 -> 19.78
A23: FC-103-01 | B23: - | C23: =_xlfn.CEILING.MATH(D23*860/10,10) -> 170 | D23: =SUM('Ventilconvettori(NO PLOT)'!E7) -> 1.895157 | E23: =_xlfn.CEILING.MATH(F23*860/5,10) -> 2730 | F23: =SUM('Ventilconvettori(NO PLOT)'!I7) -> 15.866514 | G23: - | H23: - | I23: DN15 | J23: DN32 | N23: -
A25: FC-104-01 | B25: - | C25: =_xlfn.CEILING.MATH(D25*860/10,10) -> 320 | D25: =SUM('Ventilconvettori(NO PLOT)'!E9:E14) -> 3.6291375 | E25: =_xlfn.CEILING.MATH(F25*860/5,10) -> 2170 | F25: =SUM('Ventilconvettori(NO PLOT)'!I9:I14) -> 12.566242 | G25: - | H25: - | I25: DN15 | J25: DN32 | N25: -
A27: FC-102-01 | B27: - | C27: =_xlfn.CEILING.MATH(D27*860/10,10) -> 110 | D27: =SUM('Ventilconvettori(NO PLOT)'!E20:E20) -> 1.20285 | E27: =_xlfn.CEILING.MATH(F27*860/5,10) -> 1290 | F27: =SUM('Ventilconvettori(NO PLOT)'!I20:I20) -> 7.47835 | G27: - | H27: - | I27: DN15 | J27: DN25 | N27: -
A29: Totale da produrre | B29: =SUM(B5:B28) -> 0 | C29: =SUM(C5:C28)-MIN(C14:C15) -> 8725 | D29: =SUM(D5:D28)-MIN(D14:D15) -> 101.07075 | E29: =SUM(E5:E28) -> 44365.6 | F29: =SUM(F5:F28) -> 257.69111 | G29: =SUM(G5:G28) -> 0
A31: AH-106-01 | B31: - | C31: - | E31: =_xlfn.CEILING.MATH(F31*860/5,10) -> 10320 | F31: =49+11 -> 60 | G31: - | H31: Da calcolo su Diagramma Psicrometrico | I31: - | J31: DN65 | L31: - | M31: DN40, kvs 25 | N31: -
A32: ='Batterie di POST'!A90 -> RC-106-01 | B32: ='Batterie di POST'!O92 -> 14.183673 | C32: - | D32: ='Batterie di POST'!L92/860 -> 8.0813953 | K32: DN15 | N32: kvs 1
A33: ='Batterie di POST'!A94 -> RC-106-02 | B33: ='Batterie di POST'!O97 -> 18.877551 | C33: - | D33: ='Batterie di POST'!L97/860 -> 10.755814 | K33: DN15 | N33: kvs 1
A35: FC-107-01 | B35: - | C35: =_xlfn.CEILING.MATH(D35*860/10,10) -> 0 | D35: 0 | E35: =_xlfn.CEILING.MATH(F35*860/5,10) -> 1330 | F35: =SUM('Ventilconvettori(NO PLOT)'!I16:I18) -> 7.7176445 | G35: - | H35: - | I35: DN15 | J35: DN25 | N35: -
A37: Totale da tie-in | B37: =SUM(B30:B35) -> 33.061224 | C37: =SUM(C30:C35) -> 0 | D37: =SUM(D30:D35) -> 18.837209 | E37: =SUM(E30:E35) -> 11650 | F37: =SUM(F30:F35) -> 67.717645 | G37: =SUM(G30:G35) -> 0
A38: Portata di Progetto (l/h) | B38: =B29+B37 -> 33.061224 | C38: =C29+C37 -> 8725 | D38: =D29+D37 -> 119.90796 | E38: =E29+E37 -> 56015.6 | F38: =F29+F37 -> 325.40875 | G38: =G29+G37 -> 0

Sheet Ventilconvettori(NO PLOT)
A2: Sistema | B2: Codice | C2: Descrizione | D2: Modello | E2: Potenza invernale | F2: Potenza macchina singola - caldo (MIN) | H2: Potenza estiva (sensibile) | I2: Potenza estiva (totale) | J2: Potenza macchina singola - freddo (MED) | M2: N° tubi | N2: Potenza elettrica | O2: Quantità calcolata | P2: Quantità scelta | Q2: Potenza elettrica totale | R2: Potenza installata
E6: kWc | F6: kWc | G6: l/h | H6: kWf | I6: kWf | J6: kWf (sens) | K6: kWf (tot) | L6: l/h | N6: kW | Q6: kW | R6: kWc | S6: l/h c | T6: kWf | U6: l/h f | W6: l/h c | X6: l/h f
A7: ='Design Criteria'!A15 -> AH-103-1 + FC-103-01 (2) | B7: ='Design Criteria'!C15 -> 0428 | C7: ='Design Criteria'!D15 -> PREDISPOSITION TO DS | D7: AERMEC FCLI V2 124 | E7: ='Design Criteria'!AB15/1000 -> 1.895157 | F7: 6.46 | G7: =551 -> 551 | H7: =('Design Criteria'!AA15)/1000 -> 15.866514 | I7: =('Design Criteria'!Y15)/1000+H7 -> 15.866514 | J7: 4.64 | K7: 6.19 | L7: 1068 | M7: 4 | N7: =135/1000 -> 0.135 | O7: =_xlfn.CEILING.MATH(MAX(H7/J7,E7/F7),1) -> 4 | P7: 4 | Q7: =N7*P7 -> 0.54 | R7: =F7*P7 -> 25.84 | S7: =G7*P7 -> 2204 | T7: =K7*P7 -> 24.76 | U7: =L7*P7 -> 4272
A9: ='Design Criteria'!A20 -> AH-104-1 + FC-104-01 (2) | B9: ='Design Criteria'!C20 -> A104 | C9: ='Design Criteria'!D20 -> MALE CHANGING ROOM | D9: AERMEC FCLI V2 34 | E9: ='Design Criteria'!AB20/1000 -> 0.6199875 | F9: 1.7 | G9: =152 -> 152 | H9: =('Design Criteria'!AA20)/1000 -> 1.4889915 | I9: =('Design Criteria'!Y20)/1000+H9 -> 2.0139915 | J9: 1.24 | K9: 1.46 | L9: 253 | M9: 4 | N9: =18/1000 -> 0.018 | O9: =_xlfn.CEILING.MATH(MAX(H9/J9,E9/F9),1) -> 2 | P9: 2 | Q9: =N9*P9 -> 0.036 | R9: =F9*P9 -> 3.4 | S9: =G9*P9 -> 304 | T9: =K9*P9 -> 2.92 | U9: =L9*P9 -> 506 | W9: =_xlfn.CEILING.MATH(SUM('Ventilconvettori(NO PLOT)'!E9)*860/10,5) -> 55 | X9: =_xlfn.CEILING.MATH(SUM('Ventilconvettori(NO PLOT)'!I9)*860/5,10) -> 350
A10: ='Design Criteria'!A21 -> AH-104-1 + FC-104-01 (2) | B10: ='Design Criteria'!C21 -> A105 | C10: ='Design Criteria'!D21 -> MALE WC | D10: AERMEC FCLI V2 34 | E10: ='Design Criteria'!AB21/1000 -> 0.77625 | F10: 1.7 | G10: =152 -> 152 | H10: =('Design Criteria'!AA21)/1000 -> 0.63595 | I10: =('Design Criteria'!Y21)/1000+H10 -> 0.63595 | J10: 1.24 | K10: 1.46 | L10: 253 | M10: 4 | N10: =18/1000 -> 0.018 | O10: =_xlfn.CEILING.MATH(MAX(H10/J10,E10/F10),1) -> 1 | P10: 1 | Q10: =N10*P10 -> 0.018 | R10: =F10*P10 -> 1.7 | S10: =G10*P10 -> 152 | T10: =K10*P10 -> 1.46 | U10: =L10*P10 -> 253 | W10: =_xlfn.CEILING.MATH(SUM('Ventilconvettori(NO PLOT)'!E10)*860/10,5) -> 70 | X10: =_xlfn.CEILING.MATH(SUM('Ventilconvettori(NO PLOT)'!I10)*860/5,10) -> 110
A11: ='Design Criteria'!A22 -> AH-104-1 + FC-104-01 (2) | B11: ='Design Criteria'!C22 -> A106 | C11: ='Design Criteria'!D22 -> FEMALE WC | D11: AERMEC FCLI V2 34 | E11: ='Design Criteria'!AB22/1000 -> 0.77625 | F11: 1.7 | G11: =152 -> 152 | H11: =('Design Criteria'!AA22)/1000 -> 0.63595 | I11: =('Design Criteria'!Y22)/1000+H11 -> 0.63595 | J11: 1.24 | K11: 1.46 | L11: 253 | M11: 4 | N11: =18/1000 -> 0.018 | O11: =_xlfn.CEILING.MATH(MAX(H11/J11,E11/F11),1) -> 1 | P11: 1 | Q11: =N11*P11 -> 0.018 | R11: =F11*P11 -> 1.7 | S11: =G11*P11 -> 152 | T11: =K11*P11 -> 1.46 | U11: =L11*P11 -> 253 | W11: =_xlfn.CEILING.MATH(SUM('Ventilconvettori(NO PLOT)'!E11)*860/10,5) -> 70 | X11: =_xlfn.CEILING.MATH(SUM('Ventilconvettori(NO PLOT)'!I11)*860/5,10) -> 110
A12: ='Design Criteria'!A23 -> AH-104-1 + FC-104-01 (2) | B12: ='Design Criteria'!C23 -> A107 | C12: ='Design Criteria'!D23 -> FEMALE CHANGING ROOM | D12: AERMEC FCLI V2 34 | E12: ='Design Criteria'!AB23/1000 -> 0.8775 | F12: 1.7 | G12: =152 -> 152 | H12: =('Design Criteria'!AA23)/1000 -> 2.1167 | I12: =('Design Criteria'!Y23)/1000+H12 -> 2.8667 | J12: 1.24 | K12: 1.46 | L12: 253 | M12: 4 | N12: =18/1000 -> 0.018 | O12: =_xlfn.CEILING.MATH(MAX(H12/J12,E12/F12),1) -> 2 | P12: 2 | Q12: =N12*P12 -> 0.036 | R12: =F12*P12 -> 3.4 | S12: =G12*P12 -> 304 | T12: =K12*P12 -> 2.92 | U12: =L12*P12 -> 506 | W12: =_xlfn.CEILING.MATH(SUM('Ventilconvettori(NO PLOT)'!E12)*860/10,5) -> 80 | X12: =_xlfn.CEILING.MATH(SUM('Ventilconvettori(NO PLOT)'!I12)*860/5,10) -> 500
A13: ='Design Criteria'!A24 -> AH-104-1 + FC-104-01 (2) | B13: ='Design Criteria'!C24 -> A110 | C13: ='Design Criteria'!D24 -> SUPERVISOR ROOM | D13: AERMEC FCLI V2 34 | E13: ='Design Criteria'!AB24/1000 -> 0.31185 | F13: 1.7 | G13: =152 -> 152 | H13: =('Design Criteria'!AA24)/1000 -> 0.53235 | I13: =('Design Criteria'!Y24)/1000+H13 -> 0.60735 | J13: 1.24 | K13: 1.46 | L13: 253 | M13: 4 | N13: =18/1000 -> 0.018 | O13: =_xlfn.CEILING.MATH(MAX(H13/J13,E13/F13),1) -> 1 | P13: 1 | Q13: =N13*P13 -> 0.018 | R13: =F13*P13 -> 1.7 | S13: =G13*P13 -> 152 | T13: =K13*P13 -> 1.46 | U13: =L13*P13 -> 253 | W13: =_xlfn.CEILING.MATH(SUM('Ventilconvettori(NO PLOT)'!E13)*860/10,5) -> 30 | X13: =_xlfn.CEILING.MATH(SUM('Ventilconvettori(NO PLOT)'!I13)*860/5,10) -> 110
A14: ='Design Criteria'!A25 -> AH-104-1 + FC-104-01 (2) | B14: ='Design Criteria'!C25 -> A109 | C14: ='Design Criteria'!D25 -> UPS ROOM | D14: AERMEC FCLI V2 124 | E14: ='Design Criteria'!AB25/1000 -> 0.2673 | F14: 6.46 | G14: =551 -> 551 | H14: =('Design Criteria'!AA25)/1000 -> 5.8063 | I14: =('Design Criteria'!Y25)/1000+H14 -> 5.8063 | J14: 4.64 | K14: 6.19 | L14: 1068 | M14: 4 | N14: =135/1000 -> 0.135 | O14: =_xlfn.CEILING.MATH(MAX(H14/J14,E14/F14),1) -> 2 | P14: 2 | Q14: =N14*P14 -> 0.27 | R14: =F14*P14 -> 12.92 | S14: =G14*P14 -> 1102 | T14: =K14*P14 -> 12.38 | U14: =L14*P14 -> 2136 | W14: =_xlfn.CEILING.MATH(SUM('Ventilconvettori(NO PLOT)'!E14)*860/10,5) -> 25 | X14: =_xlfn.CEILING.MATH(SUM('Ventilconvettori(NO PLOT)'!I14)*860/5,10) -> 1000
A16: ='Design Criteria'!A34 -> AH-107-1 + FC-107-01 (2) | B16: ='Design Criteria'!C34 -> B001 | C16: ='Design Criteria'!D34 -> DS STORAGE | D16: AERMEC FCLI V2 42 | E16: ='Design Criteria'!AB34/1000 -> 0.8281845 | H16: =('Design Criteria'!AA34)/1000 -> 5.8208195 | I16: =('Design Criteria'!Y34)/1000+H16 -> 5.8208195 | J16: 1.8 | K16: 2.52 | L16: 396 | M16: 2 con RE | N16: =(55+2500)/1000 -> 2.555 | O16: =_xlfn.CEILING.MATH(MAX(H16/J16),1) -> 4 | P16: 4 | Q16: =N16*P16 -> 10.22 | R16: =F16*P16 -> 0 | S16: =G16*P16 -> 0 | T16: =K16*P16 -> 10.08 | U16: =L16*P16 -> 1584 | X16: =_xlfn.CEILING.MATH(SUM('Ventilconvettori(NO PLOT)'!I16)*860/5,10) -> 1010
A17: ='Design Criteria'!A35 -> AH-107-1 + FC-107-01 (2) | B17: ='Design Criteria'!C35 -> B002 | C17: ='Design Criteria'!D35 -> CHECK ROOM/AIRLOCK | D17: AERMEC FCLI V2 42 | E17: ='Design Criteria'!AB35/1000 -> 0 | H17: =('Design Criteria'!AA35)/1000 -> 1.36 | I17: =('Design Criteria'!Y35)/1000+H17 -> 1.435 | J17: 1.8 | K17: 2.52 | L17: 396 | M17: 2 con RE | N17: =(55+2500)/1000 -> 2.555 | O17: =_xlfn.CEILING.MATH(MAX(H17/J17),1) -> 1 | P17: 1 | Q17: =N17*P17 -> 2.555 | R17: =F17*P17 -> 0 | S17: =G17*P17 -> 0 | T17: =K17*P17 -> 2.52 | U17: =L17*P17 -> 396 | X17: =_xlfn.CEILING.MATH(SUM('Ventilconvettori(NO PLOT)'!I17)*860/5,5) -> 250
A18: ='Design Criteria'!A36 -> AH-107-1 + FC-107-01 (2) | B18: ='Design Criteria'!C36 -> B003 | C18: ='Design Criteria'!D36 -> RECEIVING | D18: AERMEC FCLI V2 42 | E18: ='Design Criteria'!AB36/1000 -> 0.289575 | H18: =('Design Criteria'!AA36)/1000 -> 0.461825 | I18: =('Design Criteria'!Y36)/1000+H18 -> 0.461825 | J18: 1.8 | K18: 2.52 | L18: 396 | M18: 2 con RE | N18: =(55+2500)/1000 -> 2.555 | O18: =_xlfn.CEILING.MATH(MAX(H18/J18),1) -> 1 | P18: 1 | Q18: =N18*P18 -> 2.555 | R18: =F18*P18 -> 0 | S18: =G18*P18 -> 0 | T18: =K18*P18 -> 2.52 | U18: =L18*P18 -> 396 | X18: =_xlfn.CEILING.MATH(SUM('Ventilconvettori(NO PLOT)'!I18)*860/5,5) -> 80
A20: ='Design Criteria'!A38 -> FC-102-01 (3) | B20: ='Design Criteria'!C38 -> E102 | C20: ='Design Criteria'!D38 -> ELECTRIC ROOM | D20: AERMEC FCLI V2 124 | E20: ='Design Criteria'!AB38/1000 -> 1.20285 | F20: 6.46 | G20: =551 -> 551 | H20: =('Design Criteria'!AA38)/1000 -> 7.47835 | I20: =('Design Criteria'!Y38)/1000+H20 -> 7.47835 | J20: 4.64 | K20: 6.19 | L20: 1068 | M20: 4 | N20: =135/1000 -> 0.135 | O20: =_xlfn.CEILING.MATH(MAX(H20/J20,E20/F20),1) -> 2 | P20: 2 | Q20: =N20*P20 -> 0.27 | R20: =F20*P20 -> 12.92 | S20: =G20*P20 -> 1102 | T20: =K20*P20 -> 12.38 | U20: =L20*P20 -> 2136 | W20: =_xlfn.CEILING.MATH(SUM('Ventilconvettori(NO PLOT)'!E20)*860/10,10) -> 110 | X20: =_xlfn.CEILING.MATH(SUM('Ventilconvettori(NO PLOT)'!I20)*860/5,10) -> 1290
E22: =SUM(E7:E21) -> 7.844904 | H22: =SUM(H7:H21) -> 42.20375 | I22: =SUM(I7:I21) -> 43.62875 | O22: =SUM(O7:O21) -> 21 | P22: =SUM(P7:P21) -> 21 | Q22: =SUM(Q7:Q21) -> 16.536 | R22: =SUM(R7:R21) -> 63.58 | S22: =SUM(S7:S21) -> 5472 | T22: =SUM(T7:T21) -> 74.86 | U22: =SUM(U7:U21) -> 12691

Sheet Diffusori(NO PLOT)
A1: DIFFUSORI
A2: Locale | B2: Descrizione | C2: Portata Aria | D2: Modello diffusore scelto | E2: Quantità | H2: Portata Aria ripresa | I2: Modello ripresa scelto | J2: Quantità | M2: Portata Aria espulsione | N2: Modello ripresa scelto | O2: Quantità
C6: m3/h | E6: CDZ | F6: FC | G6: TOT | H6: m3/h | J6: CDZ | K6: FC | L6: TOT | M6: m3/h | O6: CDZ | P6: FC | Q6: TOT
A7: ='Design Criteria'!C8 -> E001 | B7: ='Design Criteria'!D8 -> MATERIAL RECEIVING LINK CORRIDOR | C7: =PortateAria!T7 -> 6470 | D7: Sagicofim INDULCLIP RQ+ 600 | E7: =_xlfn.CEILING.MATH(C7/450,1) -> 15 | G7: =E7+F7 -> 15 | H7: =PortateAria!AD7 -> 6470 | I7: Sagicofim INDULCLIP RQ+ 600 | J7: =_xlfn.CEILING.MATH(H7/450,1) -> 15 | K7: =F7 -> 0 | L7: =J7+K7 -> 15 | M7: =PortateAria!X7 -> 0 | N7: NA | P7: =K7 -> 0 | Q7: =O7+P7 -> 0
A9: ='Design Criteria'!C10 -> A001 | B9: ='Design Criteria'!D10 -> ENTRANCE | C9: =PortateAria!T22 -> 560 | D9: Sagicofim TAB 01 T 250 | E9: =_xlfn.CEILING.MATH(C9/400,1) -> 2 | G9: =E9+F9 -> 2 | H9: =PortateAria!AD22 -> 560 | I9: Sagicofim INDULCLIP RQ+ 600 | J9: =_xlfn.CEILING.MATH(H9/450,1) -> 2 | K9: =F9 -> 0 | L9: =J9+K9 -> 2 | M9: =PortateAria!X22 -> 0 | N9: NA | P9: =K9 -> 0 | Q9: =O9+P9 -> 0
A10: ='Design Criteria'!C11 -> A002 | B10: ='Design Criteria'!D11 -> HANDLING AREA | C10: =PortateAria!T23 -> 8890 | D10: Sagicofim TAB 01 T 250 | E10: =_xlfn.CEILING.MATH(C10/380,1) -> 24 | G10: =E10+F10 -> 24 | H10: =PortateAria!AD23 -> 8890 | I10: FCR GFX SA-300x500 | J10: =_xlfn.CEILING.MATH(H10/810,1) -> 11 | K10: =F10 -> 0 | L10: =J10+K10 -> 11 | M10: =PortateAria!X23 -> 0 | N10: NA | P10: =K10 -> 0 | Q10: =O10+P10 -> 0
A11: ='Design Criteria'!C12 -> A101 | B11: ='Design Criteria'!D12 -> FILTER AGAINST FIRE | C11: =PortateAria!T24 -> 380 | D11: Sagicofim INDULCLIP RQ+ 600 | E11: =_xlfn.CEILING.MATH(C11/450,1) -> 1 | G11: =E11+F11 -> 1 | H11: =PortateAria!AD24 -> 380 | I11: Sagicofim INDULCLIP RQ+ 600 | J11: =_xlfn.CEILING.MATH(H11/450,1) -> 1 | K11: =F11 -> 0 | L11: =J11+K11 -> 1 | M11: =PortateAria!X24 -> 0 | N11: NA | P11: =K11 -> 0 | Q11: =O11+P11 -> 0
A12: ='Design Criteria'!C13 -> A102 | B12: ='Design Criteria'!D13 -> AIRLOCK VT | C12: =PortateAria!T25 -> 260 | D12: Sagicofim INDULCLIP RQ+ 600 | E12: =_xlfn.CEILING.MATH(C12/450,1) -> 1 | G12: =E12+F12 -> 1 | H12: =PortateAria!AD25 -> 260 | I12: Sagicofim INDULCLIP RQ+ 600 | J12: =_xlfn.CEILING.MATH(H12/450,1) -> 1 | K12: =F12 -> 0 | L12: =J12+K12 -> 1 | M12: =PortateAria!X25 -> 0 | N12: NA | P12: =K12 -> 0 | Q12: =O12+P12 -> 0
A13: ='Design Criteria'!C14 -> A103 | B13: ='Design Criteria'!D14 -> CORRIDOR | C13: =PortateAria!T26 -> 950 | D13: Sagicofim INDULCLIP RQ+ 600 | E13: =_xlfn.CEILING.MATH(C13/500,1) -> 2 | G13: =E13+F13 -> 2 | H13: =PortateAria!AD26 -> 810 | I13: Sagicofim INDULCLIP RQ+ 600 | J13: =_xlfn.CEILING.MATH(H13/450,1) -> 2 | K13: =F13 -> 0 | L13: =J13+K13 -> 2 | M13: =PortateAria!X26 -> 0 | N13: NA | P13: =K13 -> 0 | Q13: =O13+P13 -> 0
A14: ='Design Criteria'!C15 -> 0428 | B14: ='Design Criteria'!D15 -> PREDISPOSITION TO DS | C14: =PortateAria!T27 -> 520 | D14: Sagicofim INDULCLIP RQ+ 600 | E14: =_xlfn.CEILING.MATH(C14/450,1) -> 2 | G14: =E14+F14 -> 2 | H14: =PortateAria!AD27 -> 520 | I14: Sagicofim INDULCLIP RQ+ 600 | J14: =_xlfn.CEILING.MATH(H14/450,1) -> 2 | K14: =F14 -> 0 | L14: =J14+K14 -> 2 | M14: =PortateAria!X27 -> 0 | N14: NA | P14: =K14 -> 0 | Q14: =O14+P14 -> 0
A16: ='Design Criteria'!C20 -> A104 | B16: ='Design Criteria'!D20 -> MALE CHANGING ROOM | C16: =PortateAria!T45 -> 350 | D16: Sagicofim INDULCLIP RQ+ 600 | E16: =_xlfn.CEILING.MATH(C16/450,1) -> 1 | G16: =E16+F16 -> 1 | H16: =PortateAria!AD45 -> 0 | I16: NA | J16: =_xlfn.CEILING.MATH(H16/600,1) -> 0 | K16: =F16 -> 0 | L16: =J16+K16 -> 0 | M16: =PortateAria!X45 -> 440 | N16: Sagicofim INDULCLIP RQ+ 600 | O16: =_xlfn.CEILING.MATH(M16/500,1) -> 1 | P16: =K16 -> 0 | Q16: =O16+P16 -> 1
A17: ='Design Criteria'!C21 -> A105 | B17: ='Design Criteria'!D21 -> MALE WC | C17: =PortateAria!T46 -> 500 | D17: Sagicofim INDULCLIP RQ+ 600 | E17: =_xlfn.CEILING.MATH(C17/500,1) -> 1 | G17: =E17+F17 -> 1 | H17: =PortateAria!AD46 -> 0 | I17: NA | J17: =_xlfn.CEILING.MATH(H17/500,1) -> 0 | K17: =F17 -> 0 | L17: =J17+K17 -> 0 | M17: =PortateAria!X46 -> 800 | N17: Sagicofim KK 150 | O17: =_xlfn.CEILING.MATH(M17/110,1) -> 8 | P17: =K17 -> 0 | Q17: =O17+P17 -> 8
A18: ='Design Criteria'!C22 -> A106 | B18: ='Design Criteria'!D22 -> FEMALE WC | C18: =PortateAria!T47 -> 500 | D18: Sagicofim INDULCLIP RQ+ 600 | E18: =_xlfn.CEILING.MATH(C18/500,1) -> 1 | G18: =E18+F18 -> 1 | H18: =PortateAria!AD47 -> 0 | I18: NA | J18: =_xlfn.CEILING.MATH(H18/500,1) -> 0 | K18: =F18 -> 0 | L18: =J18+K18 -> 0 | M18: =PortateAria!X47 -> 800 | N18: Sagicofim KK 150 | O18: =_xlfn.CEILING.MATH(M18/110,1) -> 8 | P18: =K18 -> 0 | Q18: =O18+P18 -> 8
A19: ='Design Criteria'!C23 -> A107 | B19: ='Design Criteria'!D23 -> FEMALE CHANGING ROOM | C19: =PortateAria!T48 -> 500 | D19: Sagicofim INDULCLIP RQ+ 600 | E19: =_xlfn.CEILING.MATH(C19/500,1) -> 1 | G19: =E19+F19 -> 1 | H19: =PortateAria!AD48 -> 0 | I19: NA | J19: =_xlfn.CEILING.MATH(H19/500,1) -> 0 | K19: =F19 -> 0 | L19: =J19+K19 -> 0 | M19: =PortateAria!X48 -> 630 | N19: Sagicofim INDULCLIP RQ+ 600 | O19: =_xlfn.CEILING.MATH(M19/500,1) -> 2 | P19: =K19 -> 0 | Q19: =O19+P19 -> 2
A20: ='Design Criteria'!C24 -> A110 | B20: ='Design Criteria'!D24 -> SUPERVISOR ROOM | C20: =PortateAria!T49 -> 250 | D20: Sagicofim INDULCLIP RQ+ 400 | E20: =_xlfn.CEILING.MATH(C20/250,1) -> 1 | G20: =E20+F20 -> 1 | H20: =PortateAria!AD49 -> 0 | I20: NA | J20: =_xlfn.CEILING.MATH(H20/500,1) -> 0 | K20: =F20 -> 0 | L20: =J20+K20 -> 0 | M20: =PortateAria!X49 -> 250 | N20: Sagicofim INDULCLIP RQ+ 400 | O20: =_xlfn.CEILING.MATH(M20/250,1) -> 1 | P20: =K20 -> 0 | Q20: =O20+P20 -> 1
A21: ='Design Criteria'!C25 -> A109 | B21: ='Design Criteria'!D25 -> UPS ROOM | C21: =PortateAria!T50 -> 100 | D21: Sagicofim INDULCLIP RQ+ 400 | E21: =_xlfn.CEILING.MATH(C21/250,1) -> 1 | G21: =E21+F21 -> 1 | H21: =PortateAria!AD50 -> 0 | I21: NA | J21: =_xlfn.CEILING.MATH(H21/500,1) -> 0 | K21: =F21 -> 0 | L21: =J21+K21 -> 0 | M21: =PortateAria!X50 -> 100 | N21: Sagicofim INDULCLIP RQ+ 400 | O21: =_xlfn.CEILING.MATH(M21/250,1) -> 1 | P21: =K21 -> 0 | Q21: =O21+P21 -> 1
A23: ='Design Criteria'!C27 -> E002 | B23: ='Design Criteria'!D27 -> LOGISTIC AIRLOCK OUT | C23: =PortateAria!T65 -> 1000 | D23: Sagicofim INDULCLIP RQ+ 600 | E23: =_xlfn.CEILING.MATH(C23/500,1) -> 2 | G23: =E23+F23 -> 2 | H23: =PortateAria!AD65 -> 400 | I23: Sagicofim INDULCLIP RQ+ 600 | J23: =_xlfn.CEILING.MATH(H23/500,1) -> 1 | K23: =F23 -> 0 | L23: =J23+K23 -> 1 | M23: =PortateAria!X65 -> 0 | N23: NA | P23: =K23 -> 0 | Q23: =O23+P23 -> 0
A24: ='Design Criteria'!C28 -> E003 | B24: ='Design Criteria'!D28 -> LOGISTIC AIRLOCK IN | C24: =PortateAria!T66 -> 500 | D24: Sagicofim INDULCLIP RQ+ 600 | E24: =_xlfn.CEILING.MATH(C24/500,1) -> 1 | G24: =E24+F24 -> 1 | H24: =PortateAria!AD66 -> 190 | I24: Sagicofim INDULCLIP RQ+ 600 | J24: =_xlfn.CEILING.MATH(H24/500,1) -> 1 | K24: =F24 -> 0 | L24: =J24+K24 -> 1 | M24: =PortateAria!X66 -> 0 | N24: NA | P24: =K24 -> 0 | Q24: =O24+P24 -> 0
A26: ='Design Criteria'!C30 -> 0605/0311 | B26: ='Design Criteria'!D30 -> WAREHOUSE NORTH SIDE / CORRIDOR | C26: =PortateAria!T81 -> 6220 | D26: Sagicofim INDULCLIP RQ+ 400 | E26: =_xlfn.CEILING.MATH(C26/250,1) -> 25 | G26: =E26+F26 -> 25 | H26: =PortateAria!AD81 -> 6330 | I26: Sagicofim INDULCLIP RQ+ 400 | J26: =_xlfn.CEILING.MATH(H26/260,1) -> 25 | K26: =F26 -> 0 | L26: =J26+K26 -> 25 | M26: =PortateAria!X81 -> 0 | N26: NA | P26: =K26 -> 0 | Q26: =O26+P26 -> 0
A27: ='Design Criteria'!C31 -> 0606 | B27: ='Design Criteria'!D31 -> NO BETA AREA CORRIDOR | C27: =PortateAria!T82 -> 4510 | D27: Sagicofim INDULCLIP RQ+ 400 | E27: =_xlfn.CEILING.MATH(C27/260,1) -> 18 | G27: =E27+F27 -> 18 | H27: =PortateAria!AD82 -> 4340 | I27: Sagicofim INDULCLIP RQ+ 400 | J27: =_xlfn.CEILING.MATH(H27/250,1) -> 18 | K27: =F27 -> 0 | L27: =J27+K27 -> 18 | M27: =PortateAria!X82 -> 0 | N27: NA | P27: =K27 -> 0 | Q27: =O27+P27 -> 0
A28: ='Design Criteria'!C32 -> 0615 | B28: ='Design Criteria'!D32 -> WASTE MATERIAL EXIT | C28: =PortateAria!T83 -> 520 | D28: Sagicofim INDULCLIP RQ+ 400 | E28: =_xlfn.CEILING.MATH(C28/250,1) -> 3 | G28: =E28+F28 -> 3 | H28: =PortateAria!AD83 -> 1100 | I28: Sagicofim INDULCLIP RQ+ 400 | J28: =_xlfn.CEILING.MATH(H28/250,1) -> 5 | K28: =F28 -> 0 | L28: =J28+K28 -> 5 | M28: =PortateAria!X83 -> 0 | N28: NA | P28: =K28 -> 0 | Q28: =O28+P28 -> 0

Sheet Aria primaria(NO PLOT)
A1: Locale | B1: Descrizione | C1: Area | D1: Volume | E1: Persone progetto | F1: Coeff. affollamento UNI | G1: Riduz. Per categoria diversa da E1 | H1: Persone UNI | I1: Coeff. aria esterna UNI | J1: Rinnovi/ora | K1: Mandata minima aria est UNI | L1: Percentuale aria rinnovo UTA | M1: Mandata minima aria da CDZ | N1: Mandata minima aria est progetto
C5: m2 | D5: m3 | E5: n | G5: % | H5: n | J5: mc/h*pax | K5: mc/h | L5: % | M5: mc/h | N5: mc/h
A6: =PortateAria!A7 -> E001 | B6: =PortateAria!B7 -> MATERIAL RECEIVING LINK CORRIDOR | C6: =PortateAria!E7 -> 238.5 | D6: =PortateAria!F7 -> 643.95 | E6: ='Design Criteria'!W8 -> 0 | G6: 60 | H6: =_xlfn.CEILING.MATH(F6*C6*G6%,1) -> 0 | J6: =I6*3600/1000 -> 0 | K6: =_xlfn.CEILING.MATH(J6*E6,10) -> 0 | L6: =PortateAria!$AG$13 -> 0.12820513 | M6: =K6/L6 -> 0 | N6: =PortateAria!T7 -> 6470
A8: =PortateAria!A22 -> A001 | B8: =PortateAria!B22 -> ENTRANCE | C8: =PortateAria!E22 -> 18.51 | D8: =PortateAria!F22 -> 96.252 | E8: ='Design Criteria'!W10 -> 0 | G8: 60 | H8: =_xlfn.CEILING.MATH(F8*C8*G8%,1) -> 0 | J8: =I8*3600/1000 -> 0 | K8: =_xlfn.CEILING.MATH(J8*E8,10) -> 0 | L8: =PortateAria!$AG$36 -> 0.13375796 | M8: =K8/L8 -> 0 | N8: =PortateAria!T22 -> 560
A9: =PortateAria!A23 -> A002 | B9: =PortateAria!B23 -> HANDLING AREA | C9: =PortateAria!E23 -> 366.14 | D9: =PortateAria!F23 -> 1903.928 | E9: ='Design Criteria'!W11 -> 10 | F9: 0.08 | G9: 60 | H9: =_xlfn.CEILING.MATH(F9*C9*G9%,1) -> 18 | I9: 7 | J9: =I9*3600/1000 -> 25.2 | K9: =_xlfn.CEILING.MATH(J9*E9,10) -> 260 | L9: =PortateAria!$AG$36 -> 0.13375796 | M9: =K9/L9 -> 1943.8095 | N9: =PortateAria!T23 -> 8890
A10: =PortateAria!A24 -> A101 | B10: =PortateAria!B24 -> FILTER AGAINST FIRE | C10: =PortateAria!E24 -> 8.9 | D10: =PortateAria!F24 -> 24.03 | E10: ='Design Criteria'!W12 -> 0 | G10: 60 | H10: =_xlfn.CEILING.MATH(F10*C10*G10%,1) -> 0 | J10: =I10*3600/1000 -> 0 | K10: =_xlfn.CEILING.MATH(J10*E10,10) -> 0 | L10: =PortateAria!$AG$36 -> 0.13375796 | M10: =K10/L10 -> 0 | N10: =PortateAria!T24 -> 380
A11: =PortateAria!A25 -> A102 | B11: =PortateAria!B25 -> AIRLOCK VT | C11: =PortateAria!E25 -> 5.9 | D11: =PortateAria!F25 -> 15.93 | E11: ='Design Criteria'!W13 -> 0 | G11: 60 | H11: =_xlfn.CEILING.MATH(F11*C11*G11%,1) -> 0 | J11: =I11*3600/1000 -> 0 | K11: =_xlfn.CEILING.MATH(J11*E11,10) -> 0 | L11: =PortateAria!$AG$36 -> 0.13375796 | M11: =K11/L11 -> 0 | N11: =PortateAria!T25 -> 260
A12: =PortateAria!A26 -> A103 | B12: =PortateAria!B26 -> CORRIDOR | C12: =PortateAria!E26 -> 23.36 | D12: =PortateAria!F26 -> 63.072 | E12: ='Design Criteria'!W14 -> 0 | G12: 60 | H12: =_xlfn.CEILING.MATH(F12*C12*G12%,1) -> 0 | J12: =I12*3600/1000 -> 0 | K12: =_xlfn.CEILING.MATH(J12*E12,10) -> 0 | L12: =PortateAria!$AG$36 -> 0.13375796 | M12: =K12/L12 -> 0 | N12: =PortateAria!T26 -> 950
A13: =PortateAria!A27 -> 0428 | B13: =PortateAria!B27 -> PREDISPOSITION TO DS | C13: =PortateAria!E27 -> 63.81 | D13: =PortateAria!F27 -> 172.287 | E13: ='Design Criteria'!W15 -> 0 | G13: 60 | H13: =_xlfn.CEILING.MATH(F13*C13*G13%,1) -> 0 | J13: =I13*3600/1000 -> 0 | K13: =_xlfn.CEILING.MATH(J13*E13,10) -> 0 | L13: =PortateAria!$AG$36 -> 0.13375796 | M13: =K13/L13 -> 0 | N13: =PortateAria!T27 -> 520
A14: =PortateAria!A28 -> 0437 | B14: =PortateAria!B28 -> REVAMPING SAMPLING ON LINE (FUTURO) | C14: =PortateAria!E28 -> 43.5 | D14: =PortateAria!F28 -> 130.5 | E14: ='Design Criteria'!W16 -> 0 | G14: 60 | H14: =_xlfn.CEILING.MATH(F14*C14*G14%,1) -> 0 | J14: =I14*3600/1000 -> 0 | K14: =_xlfn.CEILING.MATH(J14*E14,10) -> 0 | L14: =PortateAria!$AG$36 -> 0.13375796 | M14: =K14/L14 -> 0 | N14: =PortateAria!T28 -> 400
A15: =PortateAria!A29 -> 1278 | B15: =PortateAria!B29 -> REVAMPING PASSAGEWAY (FUTURO) | C15: =PortateAria!E29 -> 52.56 | D15: =PortateAria!F29 -> 157.68 | E15: ='Design Criteria'!W17 -> 0 | G15: 60 | H15: =_xlfn.CEILING.MATH(F15*C15*G15%,1) -> 0 | J15: =I15*3600/1000 -> 0 | K15: =_xlfn.CEILING.MATH(J15*E15,10) -> 0 | L15: =PortateAria!$AG$36 -> 0.13375796 | M15: =K15/L15 -> 0 | N15: =PortateAria!T29 -> 480
A16: =PortateAria!A30 -> 1373 | B16: =PortateAria!B30 -> REVAMPING CALIBRATION AREA (FUTURO) | C16: =PortateAria!E30 -> 70.27 | D16: =PortateAria!F30 -> 210.81 | E16: ='Design Criteria'!W18 -> 0 | G16: 60 | H16: =_xlfn.CEILING.MATH(F16*C16*G16%,1) -> 0 | J16: =I16*3600/1000 -> 0 | K16: =_xlfn.CEILING.MATH(J16*E16,10) -> 0 | L16: =PortateAria!$AG$36 -> 0.13375796 | M16: =K16/L16 -> 0 | N16: =PortateAria!T30 -> 640
A18: =PortateAria!A45 -> A104 | B18: =PortateAria!B45 -> MALE CHANGING ROOM | C18: =PortateAria!E45 -> 18.37 | D18: =PortateAria!F45 -> 49.599 | E18: ='Design Criteria'!W20 -> 7 | F18: 0.6 | G18: 60 | H18: =_xlfn.CEILING.MATH(F18*C18*G18%,1) -> 7 | I18: 11 | J18: =I18*3600/1000 -> 39.6 | K18: =_xlfn.CEILING.MATH(J18*E18,10) -> 280 | L18: =PortateAria!$AG$56 -> 1 | M18: =K18/L18 -> 280 | N18: =PortateAria!T45 -> 350
A19: =PortateAria!A46 -> A105 | B19: =PortateAria!B46 -> MALE WC | C19: =PortateAria!E46 -> 23 | D19: =PortateAria!F46 -> 62.1 | E19: ='Design Criteria'!W21 -> 0 | G19: 60 | H19: =_xlfn.CEILING.MATH(F19*C19*G19%,1) -> 0 | J19: =I19*3600/1000 -> 0 | K19: =_xlfn.CEILING.MATH(J19*E19,10) -> 0 | L19: =PortateAria!$AG$56 -> 1 | M19: =K19/L19 -> 0 | N19: =PortateAria!T46 -> 500
A20: =PortateAria!A47 -> A106 | B20: =PortateAria!B47 -> FEMALE WC | C20: =PortateAria!E47 -> 23 | D20: =PortateAria!F47 -> 62.1 | E20: ='Design Criteria'!W22 -> 0 | G20: 60 | H20: =_xlfn.CEILING.MATH(F20*C20*G20%,1) -> 0 | J20: =I20*3600/1000 -> 0 | K20: =_xlfn.CEILING.MATH(J20*E20,10) -> 0 | L20: =PortateAria!$AG$56 -> 1 | M20: =K20/L20 -> 0 | N20: =PortateAria!T47 -> 500
A21: =PortateAria!A48 -> A107 | B21: =PortateAria!B48 -> FEMALE CHANGING ROOM | C21: =PortateAria!E48 -> 26 | D21: =PortateAria!F48 -> 70.2 | E21: ='Design Criteria'!W23 -> 10 | F21: 0.6 | G21: 60 | H21: =_xlfn.CEILING.MATH(F21*C21*G21%,1) -> 10 | I21: 11 | J21: =I21*3600/1000 -> 39.6 | K21: =_xlfn.CEILING.MATH(J21*E21,10) -> 400 | L21: =PortateAria!$AG$56 -> 1 | M21: =K21/L21 -> 400 | N21: =PortateAria!T48 -> 500
A22: =PortateAria!A49 -> A110 | B22: =PortateAria!B49 -> SUPERVISOR ROOM | C22: =PortateAria!E49 -> 7 | D22: =PortateAria!F49 -> 18.9 | E22: ='Design Criteria'!W24 -> 1 | F22: 0.06 | G22: 60 | H22: =_xlfn.CEILING.MATH(F22*C22*G22%,1) -> 1 | I22: 11 | J22: =I22*3600/1000 -> 39.6 | K22: =_xlfn.CEILING.MATH(J22*E22,10) -> 40 | L22: =PortateAria!$AG$56 -> 1 | M22: =K22/L22 -> 40 | N22: =PortateAria!T49 -> 250
A23: =PortateAria!A50 -> A109 | B23: =PortateAria!B50 -> UPS ROOM | C23: =PortateAria!E50 -> 6 | D23: =PortateAria!F50 -> 16.2 | E23: ='Design Criteria'!W25 -> 0 | G23: 60 | H23: =_xlfn.CEILING.MATH(F23*C23*G23%,1) -> 0 | J23: =I23*3600/1000 -> 0 | K23: =_xlfn.CEILING.MATH(J23*E23,10) -> 0 | L23: =PortateAria!$AG$56 -> 1 | M23: =K23/L23 -> 0 | N23: =PortateAria!T50 -> 100
A25: =PortateAria!A65 -> E002 | B25: =PortateAria!B65 -> LOGISTIC AIRLOCK OUT | C25: =PortateAria!E65 -> 24.5 | D25: =PortateAria!F65 -> 66.15 | E25: ='Design Criteria'!W27 -> 0 | G25: 60 | H25: =_xlfn.CEILING.MATH(F25*C25*G25%,1) -> 0 | J25: =I25*3600/1000 -> 0 | K25: =_xlfn.CEILING.MATH(J25*E25,10) -> 0 | L25: =PortateAria!$AG$72 -> 0.55555556 | M25: =K25/L25 -> 0 | N25: =PortateAria!T65 -> 1000
A26: =PortateAria!A66 -> E003 | B26: =PortateAria!B66 -> LOGISTIC AIRLOCK IN | C26: =PortateAria!E66 -> 4.58 | D26: =PortateAria!F66 -> 10.992 | E26: ='Design Criteria'!W28 -> 0 | G26: 60 | H26: =_xlfn.CEILING.MATH(F26*C26*G26%,1) -> 0 | J26: =I26*3600/1000 -> 0 | K26: =_xlfn.CEILING.MATH(J26*E26,10) -> 0 | L26: =PortateAria!$AG$72 -> 0.55555556 | M26: =K26/L26 -> 0 | N26: =PortateAria!T66 -> 500
A28: =PortateAria!A81 -> 0605/0311 | B28: =PortateAria!B81 -> WAREHOUSE NORTH SIDE / CORRIDOR | C28: =PortateAria!E81 -> 682 | D28: =PortateAria!F81 -> 2046 | E28: ='Design Criteria'!W30 -> 1 | F28: 0.08 | G28: 60 | H28: =_xlfn.CEILING.MATH(F28*C28*G28%,1) -> 33 | I28: 7 | J28: =I28*3600/1000 -> 25.2 | K28: =_xlfn.CEILING.MATH(J28*E28,10) -> 30 | L28: =PortateAria!$AG$89 -> 0.02962963 | M28: =K28/L28 -> 1012.5 | N28: =PortateAria!T81 -> 6220
A29: =PortateAria!A82 -> 0606 | B29: =PortateAria!B82 -> NO BETA AREA CORRIDOR | C29: =PortateAria!E82 -> 228 | D29: =PortateAria!F82 -> 769.5 | E29: ='Design Criteria'!W31 -> 0 | G29: 60 | H29: =_xlfn.CEILING.MATH(F29*C29*G29%,1) -> 0 | J29: =I29*3600/1000 -> 0 | K29: =_xlfn.CEILING.MATH(J29*E29,10) -> 0 | L29: =PortateAria!$AG$89 -> 0.02962963 | M29: =K29/L29 -> 0 | N29: =PortateAria!T82 -> 4510
A30: =PortateAria!A83 -> 0615 | B30: =PortateAria!B83 -> WASTE MATERIAL EXIT | C30: =PortateAria!E83 -> 24.3 | D30: =PortateAria!F83 -> 87.48 | E30: ='Design Criteria'!W32 -> 0 | G30: 60 | H30: =_xlfn.CEILING.MATH(F30*C30*G30%,1) -> 0 | J30: =I30*3600/1000 -> 0 | K30: =_xlfn.CEILING.MATH(J30*E30,10) -> 0 | L30: =PortateAria!$AG$89 -> 0.02962963 | M30: =K30/L30 -> 0 | N30: =PortateAria!T83 -> 520
A32: =PortateAria!A98 -> B001 | B32: =PortateAria!B98 -> DS STORAGE | C32: =PortateAria!E98 -> 37.18 | D32: =PortateAria!F98 -> 100.386 | E32: ='Design Criteria'!W34 -> 0 | G32: 60 | H32: =_xlfn.CEILING.MATH(F32*C32*G32%,1) -> 0 | J32: =I32*3600/1000 -> 0 | K32: =_xlfn.CEILING.MATH(J32*E32,10) -> 0 | L32: =PortateAria!$AG$106 -> 1 | M32: =K32/L32 -> 0 | N32: =PortateAria!T98 -> 310
A33: =PortateAria!A99 -> B002 | B33: =PortateAria!B99 -> CHECK ROOM/AIRLOCK | C33: =PortateAria!E99 -> 18 | D33: =PortateAria!F99 -> 48.6 | E33: ='Design Criteria'!W35 -> 1 | F33: 0.06 | G33: 60 | H33: =_xlfn.CEILING.MATH(F33*C33*G33%,1) -> 1 | I33: 11 | J33: =I33*3600/1000 -> 39.6 | K33: =_xlfn.CEILING.MATH(J33*E33,10) -> 40 | L33: =PortateAria!$AG$106 -> 1 | M33: =K33/L33 -> 40 | N33: =PortateAria!T99 -> 670
A34: =PortateAria!A100 -> B003 | B34: =PortateAria!B100 -> RECEIVING | C34: =PortateAria!E100 -> 13 | D34: =PortateAria!F100 -> 35.1 | E34: ='Design Criteria'!W36 -> 0 | G34: 60 | H34: =_xlfn.CEILING.MATH(F34*C34*G34%,1) -> 0 | J34: =I34*3600/1000 -> 0 | K34: =_xlfn.CEILING.MATH(J34*E34,10) -> 0 | L34: =PortateAria!$AG$106 -> 1 | M34: =K34/L34 -> 0 | N34: =PortateAria!T100 -> 300

Sheet PerditeAria(NO PLOT)
A1: Trafilamenti e infiltrazioni aria (porte)
A2: Porta singola tipo 1
B4: Dimensioni: (0,90*2,10) m
B5: Lunghezza fessura (m): l = | C5: 5.1
B6: Spessore fessura (m): s = | C6: 0.002
B7: Coefficiente α = | C7: 0.85
B8: DP (Pa) = | C8: 5 | D8: Portata aria = | E8: =+ROUNDUP(C5*C6*C7*3600*SQRT(C8),0) -> 70 | F8: m3/h
B10: Dimensioni: (0,90*2,10) m
B11: Lunghezza fessura (m): l = | C11: 5.1
B12: Spessore fessura (m): s = | C12: 0.002
B13: Coefficiente α = | C13: 0.85
B14: DP (Pa) = | C14: 10 | D14: Portata aria = | E14: =+ROUNDUP(C11*C12*C13*3600*SQRT(C14),0) -> 99 | F14: m3/h
B16: Dimensioni: (0,90*2,10) m
B17: Lunghezza fessura (m): l = | C17: 5.1
B18: Spessore fessura (m): s = | C18: 0.002
B19: Coefficiente α = | C19: 0.85
B20: DP (Pa) = | C20: 15 | D20: Portata aria = | E20: =+ROUNDUP(C17*C18*C19*3600*SQRT(C20),0) -> 121 | F20: m3/h
B22: Dimensioni: (0,90*2,10) m
B23: Lunghezza fessura (m): l = | C23: 5.1
B24: Spessore fessura (m): s = | C24: 0.002
B25: Coefficiente α = | C25: 0.85
B26: DP (Pa) = | C26: 20 | D26: Portata aria = | E26: =+ROUNDUP(C23*C24*C25*3600*SQRT(C26),0) -> 140 | F26: m3/h
B28: Dimensioni: (0,90*2,10) m
B29: Lunghezza fessura (m): l = | C29: 5.1
B30: Spessore fessura (m): s = | C30: 0.002
B31: Coefficiente α = | C31: 0.85
B32: DP (Pa) = | C32: 25 | D32: Portata aria = | E32: =+ROUNDUP(C29*C30*C31*3600*SQRT(C32),0) -> 157 | F32: m3/h
B34: Dimensioni: (0,90*2,10) m
B35: Lunghezza fessura (m): l = | C35: 5.1
B36: Spessore fessura (m): s = | C36: 0.002
B37: Coefficiente α = | C37: 0.85
B38: DP (Pa) = | C38: 30 | D38: Portata aria = | E38: =+ROUNDUP(C35*C36*C37*3600*SQRT(C38),0) -> 171 | F38: m3/h
A40: Porta doppia tipo 1
B42: Dimensioni: (1,60*2,10) m
B43: Lunghezza fessura (m): l = | C43: 5.8
B44: Spessore fessura (m): s = | C44: 0.002
B45: Coefficiente α = | C45: 0.85
B46: DP (Pa) = | C46: 5 | D46: Portata aria = | E46: =+ROUNDUP(C43*C44*C45*3600*SQRT(C46),0) -> 80 | F46: m3/h
B48: Dimensioni: (1,60*2,10) m
B49: Lunghezza fessura (m): l = | C49: 5.8
B50: Spessore fessura (m): s = | C50: 0.002
B51: Coefficiente α = | C51: 0.85
B52: DP (Pa) = | C52: 10 | D52: Portata aria = | E52: =+ROUNDUP(C49*C50*C51*3600*SQRT(C52),0) -> 113 | F52: m3/h
B54: Dimensioni: (1,60*2,10) m
B55: Lunghezza fessura (m): l = | C55: 5.8
B56: Spessore fessura (m): s = | C56: 0.002
B57: Coefficiente α = | C57: 0.85
B58: DP (Pa) = | C58: 15 | D58: Portata aria = | E58: =+ROUNDUP(C55*C56*C57*3600*SQRT(C58),0) -> 138 | F58: m3/h
B60: Dimensioni: (1,60*2,10) m
B61: Lunghezza fessura (m): l = | C61: 5.8
B62: Spessore fessura (m): s = | C62: 0.002
B63: Coefficiente α = | C63: 0.85
B64: DP (Pa) = | C64: 20 | D64: Portata aria = | E64: =+ROUNDUP(C61*C62*C63*3600*SQRT(C64),0) -> 159 | F64: m3/h
B66: Dimensioni: (1,60*2,10) m
B67: Lunghezza fessura (m): l = | C67: 5.8
B68: Spessore fessura (m): s = | C68: 0.002
B69: Coefficiente α = | C69: 0.85
B70: DP (Pa) = | C70: 25 | D70: Portata aria = | E70: =+ROUNDUP(C67*C68*C69*3600*SQRT(C70),0) -> 178 | F70: m3/h
B72: Dimensioni: (1,60*2,10) m
B73: Lunghezza fessura (m): l = | C73: 5.8
B74: Spessore fessura (m): s = | C74: 0.002
B75: Coefficiente α = | C75: 0.85
B76: DP (Pa) = | C76: 30 | D76: Portata aria = | E76: =+ROUNDUP(C73*C74*C75*3600*SQRT(C76),0) -> 195 | F76: m3/h
A78: Porta farma scorrevole tipo 1
B80: Dimensioni: (1,40*2,15) m
B81: Lunghezza fessura (m): l = | C81: 5.7
B82: Spessore fessura (m): s = | C82: 0.002
B83: Coefficiente α = | C83: 0.85
B84: DP (Pa) = | C84: 5 | D84: Portata aria = | E84: =+ROUNDUP(C81*C82*C83*3600*SQRT(C84),0) -> 79 | F84: m3/h
B86: Dimensioni: (1,40*2,15) m
B87: Lunghezza fessura (m): l = | C87: 5.7
B88: Spessore fessura (m): s = | C88: 0.002
B89: Coefficiente α = | C89: 0.85
B90: DP (Pa) = | C90: 10 | D90: Portata aria = | E90: =+ROUNDUP(C87*C88*C89*3600*SQRT(C90),0) -> 111 | F90: m3/h
B92: Dimensioni: (1,40*2,15) m
B93: Lunghezza fessura (m): l = | C93: 5.7
B94: Spessore fessura (m): s = | C94: 0.002
B95: Coefficiente α = | C95: 0.85
B96: DP (Pa) = | C96: 15 | D96: Portata aria = | E96: =+ROUNDUP(C93*C94*C95*3600*SQRT(C96),0) -> 136 | F96: m3/h
B98: Dimensioni: (1,40*2,15) m
B99: Lunghezza fessura (m): l = | C99: 5.7
B100: Spessore fessura (m): s = | C100: 0.002
B101: Coefficiente α = | C101: 0.85
B102: DP (Pa) = | C102: 20 | D102: Portata aria = | E102: =+ROUNDUP(C99*C100*C101*3600*SQRT(C102),0) -> 157 | F102: m3/h
B104: Dimensioni: (1,40*2,15) m
B105: Lunghezza fessura (m): l = | C105: 5.7
B106: Spessore fessura (m): s = | C106: 0.002
B107: Coefficiente α = | C107: 0.85
B108: DP (Pa) = | C108: 25 | D108: Portata aria = | E108: =+ROUNDUP(C105*C106*C107*3600*SQRT(C108),0) -> 175 | F108: m3/h
B110: Dimensioni: (1,40*2,15) m
B111: Lunghezza fessura (m): l = | C111: 5.7
B112: Spessore fessura (m): s = | C112: 0.002
B113: Coefficiente α = | C113: 0.85
B114: DP (Pa) = | C114: 30 | D114: Portata aria = | E114: =+ROUNDUP(C111*C112*C113*3600*SQRT(C114),0) -> 192 | F114: m3/h
A116: Porta singola pass box tipo 1
B118: Dimensioni: (0,70*0,70) m
B119: Lunghezza fessura (m): l = | C119: 2.1
B120: Spessore fessura (m): s = | C120: 0.002
B121: Coefficiente α = | C121: 0.85
B122: DP (Pa) = | C122: 5 | D122: Portata aria = | E122: =+ROUNDUP(C119*C120*C121*3600*SQRT(C122),0) -> 29 | F122: m3/h
...
